"","Chemical.name","Model.Name","Unit","Prediction","Lower.95..","Upper.95..","Appl.Domain.."
"1","5436-43-1","CTV Reference Dose (RfD)","  -Log10Mol/(kg·day)",9.92,8.31,11.4,30.4
"2","5436-43-1","CTV Reference Dose (RfD)","mg/(kg·day)",5.9e-05,1.85e-06,0.00241,30.4
"3","5436-43-1","CTV Reference Dose NO(A)EL","  -Log10Mol/(kg·day)",5.86,4.26,7.3,12.2
"4","5436-43-1","CTV Reference Dose NO(A)EL","mg/(kg·day)",0.672,0.0242,27,12.2
"5","5436-43-1","CTV Reference Dose (RfD) BMD","  -Log10Mol/(kg·day)",5.74,3.74,7.68,5.51
"6","5436-43-1","CTV Reference Dose (RfD) BMD","mg/(kg·day)",0.89,0.0103,88.6,5.51
"7","5436-43-1","CTV Reference Dose (RfD) BMDL","  -Log10Mol/(kg·day)",5.91,4.13,7.63,5.51
"8","5436-43-1","CTV Reference Dose (RfD) BMDL","mg/(kg·day)",0.598,0.0115,36.1,5.51
"9","5436-43-1","CTV Reference Concentration (RfC)","  -Log10Mol/m3",9.59,7.2,11.6,9.07
"10","5436-43-1","CTV Reference Concentration (RfC)","mg/m3",0.000124,1.18e-06,0.0306,9.07
"11","5436-43-1","CTV Oral Slope Factor (OSF)","Log10(risk per Mol/(kg·day))",6.65,4.66,8.48,47.3
"12","5436-43-1","CTV Oral Slope Factor (OSF)","risk per mg/(kg·day)",9.16,0.094,624,47.3
"13","5436-43-1","CTV Cancer Potency Value (CPV)","Log10(risk per Mol/(kg·day))",6.62,4.64,8.67,40.7
"14","5436-43-1","CTV Cancer Potency Value (CPV)","risk per mg/(kg·day)",8.55,0.0899,960,40.7
"15","5436-43-1","CTV Inhalation Unit Risk (IUR)","Log10(m3/Mol)",6.7,4.31,8.56,9.46
"16","5436-43-1","CTV Inhalation Unit Risk (IUR)","risk per µg/m3",10.2,0.0421,746,9.46
"17","perfluorobutanesulfonic acid","CTV Reference Dose (RfD)","  -Log10Mol/(kg·day)",7.52,5.91,9.03,8.23
"18","perfluorobutanesulfonic acid","CTV Reference Dose (RfD)","mg/(kg·day)",0.00896,0.00028,0.365,8.23
"19","perfluorobutanesulfonic acid","CTV Reference Dose NO(A)EL","  -Log10Mol/(kg·day)",5.71,4.1,7.15,5.25
"20","perfluorobutanesulfonic acid","CTV Reference Dose NO(A)EL","mg/(kg·day)",0.587,0.0212,23.6,5.25
"21","perfluorobutanesulfonic acid","CTV Reference Dose (RfD) BMD","  -Log10Mol/(kg·day)",4.6,2.6,6.54,3.08
"22","perfluorobutanesulfonic acid","CTV Reference Dose (RfD) BMD","mg/(kg·day)",7.5,0.0865,747,3.08
"23","perfluorobutanesulfonic acid","CTV Reference Dose (RfD) BMDL","  -Log10Mol/(kg·day)",4.95,3.16,6.66,3.08
"24","perfluorobutanesulfonic acid","CTV Reference Dose (RfD) BMDL","mg/(kg·day)",3.4,0.0653,205,3.08
"25","perfluorobutanesulfonic acid","CTV Reference Concentration (RfC)","  -Log10Mol/m3",8.01,5.62,10,10.4
"26","perfluorobutanesulfonic acid","CTV Reference Concentration (RfC)","mg/m3",0.00292,2.8e-05,0.724,10.4
"27","perfluorobutanesulfonic acid","CTV Oral Slope Factor (OSF)","Log10(risk per Mol/(kg·day))",4.55,2.56,6.38,5.04
"28","perfluorobutanesulfonic acid","CTV Oral Slope Factor (OSF)","risk per mg/(kg·day)",0.118,0.00121,8.04,5.04
"29","perfluorobutanesulfonic acid","CTV Cancer Potency Value (CPV)","Log10(risk per Mol/(kg·day))",5.17,3.2,7.22,4.58
"30","perfluorobutanesulfonic acid","CTV Cancer Potency Value (CPV)","risk per mg/(kg·day)",0.497,0.00523,55.9,4.58
"31","perfluorobutanesulfonic acid","CTV Inhalation Unit Risk (IUR)","Log10(m3/Mol)",4.51,2.13,6.37,6.68
"32","perfluorobutanesulfonic acid","CTV Inhalation Unit Risk (IUR)","risk per µg/m3",0.108,0.000446,7.9,6.68
"33","Perfluorodecanoic acid","CTV Reference Dose (RfD)","  -Log10Mol/(kg·day)",7.68,6.07,9.19,50.8
"34","Perfluorodecanoic acid","CTV Reference Dose (RfD)","mg/(kg·day)",0.0107,0.000336,0.438,50.8
"35","Perfluorodecanoic acid","CTV Reference Dose NO(A)EL","  -Log10Mol/(kg·day)",6.05,4.45,7.49,33.1
"36","Perfluorodecanoic acid","CTV Reference Dose NO(A)EL","mg/(kg·day)",0.456,0.0164,18.3,33.1
"37","Perfluorodecanoic acid","CTV Reference Dose (RfD) BMD","  -Log10Mol/(kg·day)",4.45,2.45,6.39,13.4
"38","Perfluorodecanoic acid","CTV Reference Dose (RfD) BMD","mg/(kg·day)",18.2,0.21,1810,13.4
"39","Perfluorodecanoic acid","CTV Reference Dose (RfD) BMDL","  -Log10Mol/(kg·day)",4.76,2.98,6.48,13.4
"40","Perfluorodecanoic acid","CTV Reference Dose (RfD) BMDL","mg/(kg·day)",8.91,0.171,538,13.4
"41","Perfluorodecanoic acid","CTV Reference Concentration (RfC)","  -Log10Mol/m3",8.38,5.99,10.4,50.6
"42","Perfluorodecanoic acid","CTV Reference Concentration (RfC)","mg/m3",0.00214,2.05e-05,0.53,50.6
"43","Perfluorodecanoic acid","CTV Oral Slope Factor (OSF)","Log10(risk per Mol/(kg·day))",4.75,2.76,6.58,14.4
"44","Perfluorodecanoic acid","CTV Oral Slope Factor (OSF)","risk per mg/(kg·day)",0.11,0.00112,7.47,14.4
"45","Perfluorodecanoic acid","CTV Cancer Potency Value (CPV)","Log10(risk per Mol/(kg·day))",5.62,3.64,7.67,12.6
"46","Perfluorodecanoic acid","CTV Cancer Potency Value (CPV)","risk per mg/(kg·day)",0.812,0.00855,91.3,12.6
"47","Perfluorodecanoic acid","CTV Inhalation Unit Risk (IUR)","Log10(m3/Mol)",5.06,2.68,6.93,21
"48","Perfluorodecanoic acid","CTV Inhalation Unit Risk (IUR)","risk per µg/m3",0.225,0.000927,16.4,21
"49","Perfluorohexanoic acid","CTV Reference Dose (RfD)","  -Log10Mol/(kg·day)",7.39,5.78,8.9,11.9
"50","Perfluorohexanoic acid","CTV Reference Dose (RfD)","mg/(kg·day)",0.0127,0.000397,0.518,11.9
"51","Perfluorohexanoic acid","CTV Reference Dose NO(A)EL","  -Log10Mol/(kg·day)",5.57,3.97,7.01,7.64
"52","Perfluorohexanoic acid","CTV Reference Dose NO(A)EL","mg/(kg·day)",0.843,0.0304,33.9,7.64
"53","Perfluorohexanoic acid","CTV Reference Dose (RfD) BMD","  -Log10Mol/(kg·day)",4.38,2.38,6.32,3.5
"54","Perfluorohexanoic acid","CTV Reference Dose (RfD) BMD","mg/(kg·day)",13,0.15,1300,3.5
"55","Perfluorohexanoic acid","CTV Reference Dose (RfD) BMDL","  -Log10Mol/(kg·day)",4.69,2.91,6.41,3.5
"56","Perfluorohexanoic acid","CTV Reference Dose (RfD) BMDL","mg/(kg·day)",6.35,0.122,384,3.5
"57","Perfluorohexanoic acid","CTV Reference Concentration (RfC)","  -Log10Mol/m3",8.09,5.7,10.1,10.1
"58","Perfluorohexanoic acid","CTV Reference Concentration (RfC)","mg/m3",0.00254,2.43e-05,0.628,10.1
"59","Perfluorohexanoic acid","CTV Oral Slope Factor (OSF)","Log10(risk per Mol/(kg·day))",4.56,2.58,6.4,4.75
"60","Perfluorohexanoic acid","CTV Oral Slope Factor (OSF)","risk per mg/(kg·day)",0.117,0.0012,7.97,4.75
"61","Perfluorohexanoic acid","CTV Cancer Potency Value (CPV)","Log10(risk per Mol/(kg·day))",5.28,3.3,7.33,4.57
"62","Perfluorohexanoic acid","CTV Cancer Potency Value (CPV)","risk per mg/(kg·day)",0.601,0.00632,67.5,4.57
"63","Perfluorohexanoic acid","CTV Inhalation Unit Risk (IUR)","Log10(m3/Mol)",4.72,2.33,6.58,7.08
"64","Perfluorohexanoic acid","CTV Inhalation Unit Risk (IUR)","risk per µg/m3",0.166,0.000686,12.2,7.08
"65","Perfluorohexanesulfonic acid","CTV Reference Dose (RfD)","  -Log10Mol/(kg·day)",7.64,6.03,9.14,21.6
"66","Perfluorohexanesulfonic acid","CTV Reference Dose (RfD)","mg/(kg·day)",0.00918,0.000287,0.374,21.6
"67","Perfluorohexanesulfonic acid","CTV Reference Dose NO(A)EL","  -Log10Mol/(kg·day)",5.97,4.36,7.41,14
"68","Perfluorohexanesulfonic acid","CTV Reference Dose NO(A)EL","mg/(kg·day)",0.434,0.0156,17.4,14
"69","Perfluorohexanesulfonic acid","CTV Reference Dose (RfD) BMD","  -Log10Mol/(kg·day)",4.62,2.62,6.55,6.99
"70","Perfluorohexanesulfonic acid","CTV Reference Dose (RfD) BMD","mg/(kg·day)",9.71,0.112,967,6.99
"71","Perfluorohexanesulfonic acid","CTV Reference Dose (RfD) BMDL","  -Log10Mol/(kg·day)",4.93,3.14,6.64,6.99
"72","Perfluorohexanesulfonic acid","CTV Reference Dose (RfD) BMDL","mg/(kg·day)",4.75,0.0912,287,6.99
"73","Perfluorohexanesulfonic acid","CTV Reference Concentration (RfC)","  -Log10Mol/m3",8.44,6.05,10.5,23.5
"74","Perfluorohexanesulfonic acid","CTV Reference Concentration (RfC)","mg/m3",0.00144,1.38e-05,0.357,23.5
"75","Perfluorohexanesulfonic acid","CTV Oral Slope Factor (OSF)","Log10(risk per Mol/(kg·day))",4.56,2.58,6.4,9.46
"76","Perfluorohexanesulfonic acid","CTV Oral Slope Factor (OSF)","risk per mg/(kg·day)",0.0918,0.000942,6.26,9.46
"77","Perfluorohexanesulfonic acid","CTV Cancer Potency Value (CPV)","Log10(risk per Mol/(kg·day))",5.49,3.52,7.54,8.11
"78","Perfluorohexanesulfonic acid","CTV Cancer Potency Value (CPV)","risk per mg/(kg·day)",0.778,0.00819,87.5,8.11
"79","Perfluorohexanesulfonic acid","CTV Inhalation Unit Risk (IUR)","Log10(m3/Mol)",5.01,2.62,6.87,12.3
"80","Perfluorohexanesulfonic acid","CTV Inhalation Unit Risk (IUR)","risk per µg/m3",0.255,0.00105,18.6,12.3
"81","Perfluorononanoic acid","CTV Reference Dose (RfD)","  -Log10Mol/(kg·day)",7.67,6.06,9.18,38.8
"82","Perfluorononanoic acid","CTV Reference Dose (RfD)","mg/(kg·day)",0.00983,0.000307,0.401,38.8
"83","Perfluorononanoic acid","CTV Reference Dose NO(A)EL","  -Log10Mol/(kg·day)",6.07,4.46,7.51,25.2
"84","Perfluorononanoic acid","CTV Reference Dose NO(A)EL","mg/(kg·day)",0.396,0.0143,15.9,25.2
"85","Perfluorononanoic acid","CTV Reference Dose (RfD) BMD","  -Log10Mol/(kg·day)",4.48,2.49,6.42,10.7
"86","Perfluorononanoic acid","CTV Reference Dose (RfD) BMD","mg/(kg·day)",15.2,0.176,1520,10.7
"87","Perfluorononanoic acid","CTV Reference Dose (RfD) BMDL","  -Log10Mol/(kg·day)",4.79,3.01,6.51,10.7
"88","Perfluorononanoic acid","CTV Reference Dose (RfD) BMDL","mg/(kg·day)",7.5,0.144,453,10.7
"89","Perfluorononanoic acid","CTV Reference Concentration (RfC)","  -Log10Mol/m3",8.32,5.93,10.3,38.5
"90","Perfluorononanoic acid","CTV Reference Concentration (RfC)","mg/m3",0.00222,2.13e-05,0.55,38.5
"91","Perfluorononanoic acid","CTV Oral Slope Factor (OSF)","Log10(risk per Mol/(kg·day))",4.61,2.62,6.45,11.6
"92","Perfluorononanoic acid","CTV Oral Slope Factor (OSF)","risk per mg/(kg·day)",0.0884,0.000907,6.03,11.6
"93","Perfluorononanoic acid","CTV Cancer Potency Value (CPV)","Log10(risk per Mol/(kg·day))",5.61,3.63,7.66,10.1
"94","Perfluorononanoic acid","CTV Cancer Potency Value (CPV)","risk per mg/(kg·day)",0.873,0.00918,98.1,10.1
"95","Perfluorononanoic acid","CTV Inhalation Unit Risk (IUR)","Log10(m3/Mol)",5.03,2.65,6.9,17
"96","Perfluorononanoic acid","CTV Inhalation Unit Risk (IUR)","risk per µg/m3",0.232,0.000955,16.9,17
"97","PERFLUOROOCTANOIC ACID","CTV Reference Dose (RfD)","  -Log10Mol/(kg·day)",7.68,6.07,9.18,28
"98","PERFLUOROOCTANOIC ACID","CTV Reference Dose (RfD)","mg/(kg·day)",0.00871,0.000272,0.355,28
"99","PERFLUOROOCTANOIC ACID","CTV Reference Dose NO(A)EL","  -Log10Mol/(kg·day)",5.95,4.35,7.4,18.1
"100","PERFLUOROOCTANOIC ACID","CTV Reference Dose NO(A)EL","mg/(kg·day)",0.46,0.0166,18.5,18.1
"101","PERFLUOROOCTANOIC ACID","CTV Reference Dose (RfD) BMD","  -Log10Mol/(kg·day)",4.48,2.48,6.42,8.1
"102","PERFLUOROOCTANOIC ACID","CTV Reference Dose (RfD) BMD","mg/(kg·day)",13.6,0.157,1360,8.1
"103","PERFLUOROOCTANOIC ACID","CTV Reference Dose (RfD) BMDL","  -Log10Mol/(kg·day)",4.78,3,6.5,8.1
"104","PERFLUOROOCTANOIC ACID","CTV Reference Dose (RfD) BMDL","mg/(kg·day)",6.82,0.131,411,8.1
"105","PERFLUOROOCTANOIC ACID","CTV Reference Concentration (RfC)","  -Log10Mol/m3",8.3,5.91,10.3,26.5
"106","PERFLUOROOCTANOIC ACID","CTV Reference Concentration (RfC)","mg/m3",0.00206,1.97e-05,0.509,26.5
"107","PERFLUOROOCTANOIC ACID","CTV Oral Slope Factor (OSF)","Log10(risk per Mol/(kg·day))",4.51,2.52,6.34,9.03
"108","PERFLUOROOCTANOIC ACID","CTV Oral Slope Factor (OSF)","risk per mg/(kg·day)",0.0777,0.000797,5.3,9.03
"109","PERFLUOROOCTANOIC ACID","CTV Cancer Potency Value (CPV)","Log10(risk per Mol/(kg·day))",5.48,3.51,7.53,7.84
"110","PERFLUOROOCTANOIC ACID","CTV Cancer Potency Value (CPV)","risk per mg/(kg·day)",0.736,0.00774,82.7,7.84
"111","PERFLUOROOCTANOIC ACID","CTV Inhalation Unit Risk (IUR)","Log10(m3/Mol)",4.95,2.56,6.81,13.6
"112","PERFLUOROOCTANOIC ACID","CTV Inhalation Unit Risk (IUR)","risk per µg/m3",0.214,0.000883,15.7,13.6
"113","Perfluorooctanesulfonic acid","CTV Reference Dose (RfD)","  -Log10Mol/(kg·day)",7.78,6.17,9.28,42.1
"114","Perfluorooctanesulfonic acid","CTV Reference Dose (RfD)","mg/(kg·day)",0.00837,0.000262,0.341,42.1
"115","Perfluorooctanesulfonic acid","CTV Reference Dose NO(A)EL","  -Log10Mol/(kg·day)",6.17,4.56,7.61,27.4
"116","Perfluorooctanesulfonic acid","CTV Reference Dose NO(A)EL","mg/(kg·day)",0.342,0.0123,13.7,27.4
"117","Perfluorooctanesulfonic acid","CTV Reference Dose (RfD) BMD","  -Log10Mol/(kg·day)",4.63,2.63,6.57,12.2
"118","Perfluorooctanesulfonic acid","CTV Reference Dose (RfD) BMD","mg/(kg·day)",11.8,0.136,1170,12.2
"119","Perfluorooctanesulfonic acid","CTV Reference Dose (RfD) BMDL","  -Log10Mol/(kg·day)",4.92,3.14,6.64,12.2
"120","Perfluorooctanesulfonic acid","CTV Reference Dose (RfD) BMDL","mg/(kg·day)",6.03,0.116,364,12.2
"121","Perfluorooctanesulfonic acid","CTV Reference Concentration (RfC)","  -Log10Mol/m3",8.55,6.16,10.6,45.8
"122","Perfluorooctanesulfonic acid","CTV Reference Concentration (RfC)","mg/m3",0.0014,1.34e-05,0.346,45.8
"123","Perfluorooctanesulfonic acid","CTV Oral Slope Factor (OSF)","Log10(risk per Mol/(kg·day))",4.67,2.68,6.5,14.4
"124","Perfluorooctanesulfonic acid","CTV Oral Slope Factor (OSF)","risk per mg/(kg·day)",0.0928,0.000952,6.33,14.4
"125","Perfluorooctanesulfonic acid","CTV Cancer Potency Value (CPV)","Log10(risk per Mol/(kg·day))",5.58,3.6,7.63,12.5
"126","Perfluorooctanesulfonic acid","CTV Cancer Potency Value (CPV)","risk per mg/(kg·day)",0.762,0.00802,85.6,12.5
"127","Perfluorooctanesulfonic acid","CTV Inhalation Unit Risk (IUR)","Log10(m3/Mol)",5.19,2.81,7.06,20
"128","Perfluorooctanesulfonic acid","CTV Inhalation Unit Risk (IUR)","risk per µg/m3",0.311,0.00128,22.7,20
"129","Perfluoroundecanoic acid","CTV Reference Dose (RfD)","  -Log10Mol/(kg·day)",7.72,6.11,9.22,65.1
"130","Perfluoroundecanoic acid","CTV Reference Dose (RfD)","mg/(kg·day)",0.0108,0.000339,0.441,65.1
"131","Perfluoroundecanoic acid","CTV Reference Dose NO(A)EL","  -Log10Mol/(kg·day)",6.1,4.49,7.54,42.4
"132","Perfluoroundecanoic acid","CTV Reference Dose NO(A)EL","mg/(kg·day)",0.451,0.0163,18.1,42.4
"133","Perfluoroundecanoic acid","CTV Reference Dose (RfD) BMD","  -Log10Mol/(kg·day)",4.43,2.43,6.37,16.2
"134","Perfluoroundecanoic acid","CTV Reference Dose (RfD) BMD","mg/(kg·day)",20.8,0.24,2080,16.2
"135","Perfluoroundecanoic acid","CTV Reference Dose (RfD) BMDL","  -Log10Mol/(kg·day)",4.74,2.96,6.46,16.2
"136","Perfluoroundecanoic acid","CTV Reference Dose (RfD) BMDL","mg/(kg·day)",10.2,0.195,615,16.2
"137","Perfluoroundecanoic acid","CTV Reference Concentration (RfC)","  -Log10Mol/m3",8.39,5.99,10.4,66.6
"138","Perfluoroundecanoic acid","CTV Reference Concentration (RfC)","mg/m3",0.00231,2.21e-05,0.571,66.6
"139","Perfluoroundecanoic acid","CTV Oral Slope Factor (OSF)","Log10(risk per Mol/(kg·day))",4.81,2.83,6.65,18.1
"140","Perfluoroundecanoic acid","CTV Oral Slope Factor (OSF)","risk per mg/(kg·day)",0.116,0.00119,7.88,18.1
"141","Perfluoroundecanoic acid","CTV Cancer Potency Value (CPV)","Log10(risk per Mol/(kg·day))",5.74,3.76,7.79,16
"142","Perfluoroundecanoic acid","CTV Cancer Potency Value (CPV)","risk per mg/(kg·day)",0.974,0.0103,110,16
"143","Perfluoroundecanoic acid","CTV Inhalation Unit Risk (IUR)","Log10(m3/Mol)",5.28,2.89,7.14,25.9
"144","Perfluoroundecanoic acid","CTV Inhalation Unit Risk (IUR)","risk per µg/m3",0.337,0.00139,24.7,25.9
"145","1-NAPHTHOL","CTV Reference Dose (RfD)","  -Log10Mol/(kg·day)",7.11,5.5,8.62,13.5
"146","1-NAPHTHOL","CTV Reference Dose (RfD)","mg/(kg·day)",0.0111,0.000347,0.452,13.5
"147","1-NAPHTHOL","CTV Reference Dose NO(A)EL","  -Log10Mol/(kg·day)",3.9,2.3,5.34,2.96
"148","1-NAPHTHOL","CTV Reference Dose NO(A)EL","mg/(kg·day)",18.1,0.653,727,2.96
"149","1-NAPHTHOL","CTV Reference Dose (RfD) BMD","  -Log10Mol/(kg·day)",3.47,1.47,5.41,2.43
"150","1-NAPHTHOL","CTV Reference Dose (RfD) BMD","mg/(kg·day)",49,0.566,4890,2.43
"151","1-NAPHTHOL","CTV Reference Dose (RfD) BMDL","  -Log10Mol/(kg·day)",3.69,1.91,5.41,2.43
"152","1-NAPHTHOL","CTV Reference Dose (RfD) BMDL","mg/(kg·day)",29.2,0.56,1760,2.43
"153","1-NAPHTHOL","CTV Reference Concentration (RfC)","  -Log10Mol/m3",8.13,5.74,10.2,4.25
"154","1-NAPHTHOL","CTV Reference Concentration (RfC)","mg/m3",0.00106,1.01e-05,0.262,4.25
"155","1-NAPHTHOL","CTV Oral Slope Factor (OSF)","Log10(risk per Mol/(kg·day))",4.73,2.74,6.56,33.2
"156","1-NAPHTHOL","CTV Oral Slope Factor (OSF)","risk per mg/(kg·day)",0.372,0.00381,25.4,33.2
"157","1-NAPHTHOL","CTV Cancer Potency Value (CPV)","Log10(risk per Mol/(kg·day))",5.45,3.47,7.5,28.3
"158","1-NAPHTHOL","CTV Cancer Potency Value (CPV)","risk per mg/(kg·day)",1.96,0.0206,220,28.3
"159","1-NAPHTHOL","CTV Inhalation Unit Risk (IUR)","Log10(m3/Mol)",4.19,1.81,6.06,6.37
"160","1-NAPHTHOL","CTV Inhalation Unit Risk (IUR)","risk per µg/m3",0.109,0.000448,7.94,6.37
"161","1-Hydroxyphenanthrene","CTV Reference Dose (RfD)","  -Log10Mol/(kg·day)",7.27,5.66,8.77,29.6
"162","1-Hydroxyphenanthrene","CTV Reference Dose (RfD)","mg/(kg·day)",0.0105,0.000329,0.429,29.6
"163","1-Hydroxyphenanthrene","CTV Reference Dose NO(A)EL","  -Log10Mol/(kg·day)",4.24,2.64,5.68,7.36
"164","1-Hydroxyphenanthrene","CTV Reference Dose NO(A)EL","mg/(kg·day)",11.1,0.402,448,7.36
"165","1-Hydroxyphenanthrene","CTV Reference Dose (RfD) BMD","  -Log10Mol/(kg·day)",3.64,1.64,5.58,5.6
"166","1-Hydroxyphenanthrene","CTV Reference Dose (RfD) BMD","mg/(kg·day)",44.2,0.51,4410,5.6
"167","1-Hydroxyphenanthrene","CTV Reference Dose (RfD) BMDL","  -Log10Mol/(kg·day)",4,2.22,5.72,5.6
"168","1-Hydroxyphenanthrene","CTV Reference Dose (RfD) BMDL","mg/(kg·day)",19.4,0.371,1170,5.6
"169","1-Hydroxyphenanthrene","CTV Reference Concentration (RfC)","  -Log10Mol/m3",9.6,7.21,11.6,11.5
"170","1-Hydroxyphenanthrene","CTV Reference Concentration (RfC)","mg/m3",4.88e-05,4.67e-07,0.0121,11.5
"171","1-Hydroxyphenanthrene","CTV Oral Slope Factor (OSF)","Log10(risk per Mol/(kg·day))",5.21,3.22,7.04,61.8
"172","1-Hydroxyphenanthrene","CTV Oral Slope Factor (OSF)","risk per mg/(kg·day)",0.833,0.00855,56.8,61.8
"173","1-Hydroxyphenanthrene","CTV Cancer Potency Value (CPV)","Log10(risk per Mol/(kg·day))",6.04,4.07,8.09,52.9
"174","1-Hydroxyphenanthrene","CTV Cancer Potency Value (CPV)","risk per mg/(kg·day)",5.69,0.0599,640,52.9
"175","1-Hydroxyphenanthrene","CTV Inhalation Unit Risk (IUR)","Log10(m3/Mol)",5.15,2.77,7.01,12.3
"176","1-Hydroxyphenanthrene","CTV Inhalation Unit Risk (IUR)","risk per µg/m3",0.729,0.00301,53.3,12.3
"177","2,2',4,4',5-Pentabromodiphenyl ether","CTV Reference Dose (RfD)","  -Log10Mol/(kg·day)",9.86,8.24,11.4,31.8
"178","2,2',4,4',5-Pentabromodiphenyl ether","CTV Reference Dose (RfD)","mg/(kg·day)",7.88e-05,2.46e-06,0.00321,31.8
"179","2,2',4,4',5-Pentabromodiphenyl ether","CTV Reference Dose NO(A)EL","  -Log10Mol/(kg·day)",5.96,4.35,7.4,15.4
"180","2,2',4,4',5-Pentabromodiphenyl ether","CTV Reference Dose NO(A)EL","mg/(kg·day)",0.626,0.0226,25.1,15.4
"181","2,2',4,4',5-Pentabromodiphenyl ether","CTV Reference Dose (RfD) BMD","  -Log10Mol/(kg·day)",5.79,3.79,7.72,6.82
"182","2,2',4,4',5-Pentabromodiphenyl ether","CTV Reference Dose (RfD) BMD","mg/(kg·day)",0.923,0.0106,91.9,6.82
"183","2,2',4,4',5-Pentabromodiphenyl ether","CTV Reference Dose (RfD) BMDL","  -Log10Mol/(kg·day)",6.01,4.23,7.72,6.82
"184","2,2',4,4',5-Pentabromodiphenyl ether","CTV Reference Dose (RfD) BMDL","mg/(kg·day)",0.557,0.0107,33.6,6.82
"185","2,2',4,4',5-Pentabromodiphenyl ether","CTV Reference Concentration (RfC)","  -Log10Mol/m3",9.44,7.05,11.5,11.7
"186","2,2',4,4',5-Pentabromodiphenyl ether","CTV Reference Concentration (RfC)","mg/m3",0.000204,1.96e-06,0.0506,11.7
"187","2,2',4,4',5-Pentabromodiphenyl ether","CTV Oral Slope Factor (OSF)","Log10(risk per Mol/(kg·day))",6.53,4.54,8.37,49.7
"188","2,2',4,4',5-Pentabromodiphenyl ether","CTV Oral Slope Factor (OSF)","risk per mg/(kg·day)",6.05,0.0621,413,49.7
"189","2,2',4,4',5-Pentabromodiphenyl ether","CTV Cancer Potency Value (CPV)","Log10(risk per Mol/(kg·day))",6.77,4.79,8.82,43.1
"190","2,2',4,4',5-Pentabromodiphenyl ether","CTV Cancer Potency Value (CPV)","risk per mg/(kg·day)",10.5,0.11,1180,43.1
"191","2,2',4,4',5-Pentabromodiphenyl ether","CTV Inhalation Unit Risk (IUR)","Log10(m3/Mol)",6.75,4.37,8.62,11
"192","2,2',4,4',5-Pentabromodiphenyl ether","CTV Inhalation Unit Risk (IUR)","risk per µg/m3",10.1,0.0415,736,11
"193","1-HYDROXYPYRENE","CTV Reference Dose (RfD)","  -Log10Mol/(kg·day)",7.31,5.7,8.81,40.8
"194","1-HYDROXYPYRENE","CTV Reference Dose (RfD)","mg/(kg·day)",0.0108,0.000336,0.439,40.8
"195","1-HYDROXYPYRENE","CTV Reference Dose NO(A)EL","  -Log10Mol/(kg·day)",4.42,2.82,5.87,13.3
"196","1-HYDROXYPYRENE","CTV Reference Dose NO(A)EL","mg/(kg·day)",8.24,0.297,331,13.3
"197","1-HYDROXYPYRENE","CTV Reference Dose (RfD) BMD","  -Log10Mol/(kg·day)",4.1,2.1,6.03,8.43
"198","1-HYDROXYPYRENE","CTV Reference Dose (RfD) BMD","mg/(kg·day)",17.5,0.202,1750,8.43
"199","1-HYDROXYPYRENE","CTV Reference Dose (RfD) BMDL","  -Log10Mol/(kg·day)",4.44,2.66,6.16,8.43
"200","1-HYDROXYPYRENE","CTV Reference Dose (RfD) BMDL","mg/(kg·day)",7.89,0.151,476,8.43
"201","1-HYDROXYPYRENE","CTV Reference Concentration (RfC)","  -Log10Mol/m3",9.93,7.54,11.9,20.8
"202","1-HYDROXYPYRENE","CTV Reference Concentration (RfC)","mg/m3",2.57e-05,2.46e-07,0.00635,20.8
"203","1-HYDROXYPYRENE","CTV Oral Slope Factor (OSF)","Log10(risk per Mol/(kg·day))",6.54,4.55,8.37,71.6
"204","1-HYDROXYPYRENE","CTV Oral Slope Factor (OSF)","risk per mg/(kg·day)",15.9,0.163,1080,71.6
"205","1-HYDROXYPYRENE","CTV Cancer Potency Value (CPV)","Log10(risk per Mol/(kg·day))",6.78,4.8,8.83,61
"206","1-HYDROXYPYRENE","CTV Cancer Potency Value (CPV)","risk per mg/(kg·day)",27.3,0.288,3070,61
"207","1-HYDROXYPYRENE","CTV Inhalation Unit Risk (IUR)","Log10(m3/Mol)",5.84,3.45,7.7,18
"208","1-HYDROXYPYRENE","CTV Inhalation Unit Risk (IUR)","risk per µg/m3",3.13,0.0129,229,18
"209","9H-Fluoren-2-ol","CTV Reference Dose (RfD)","  -Log10Mol/(kg·day)",7.18,5.57,8.68,25.5
"210","9H-Fluoren-2-ol","CTV Reference Dose (RfD)","mg/(kg·day)",0.0121,0.000379,0.494,25.5
"211","9H-Fluoren-2-ol","CTV Reference Dose NO(A)EL","  -Log10Mol/(kg·day)",4.34,2.74,5.78,9.43
"212","9H-Fluoren-2-ol","CTV Reference Dose NO(A)EL","mg/(kg·day)",8.31,0.3,334,9.43
"213","9H-Fluoren-2-ol","CTV Reference Dose (RfD) BMD","  -Log10Mol/(kg·day)",3.6,1.6,5.54,4.43
"214","9H-Fluoren-2-ol","CTV Reference Dose (RfD) BMD","mg/(kg·day)",46,0.531,4590,4.43
"215","9H-Fluoren-2-ol","CTV Reference Dose (RfD) BMDL","  -Log10Mol/(kg·day)",3.93,2.15,5.64,4.43
"216","9H-Fluoren-2-ol","CTV Reference Dose (RfD) BMDL","mg/(kg·day)",21.6,0.414,1300,4.43
"217","9H-Fluoren-2-ol","CTV Reference Concentration (RfC)","  -Log10Mol/m3",8.81,6.42,10.8,9.67
"218","9H-Fluoren-2-ol","CTV Reference Concentration (RfC)","mg/m3",0.000279,2.68e-06,0.0692,9.67
"219","9H-Fluoren-2-ol","CTV Oral Slope Factor (OSF)","Log10(risk per Mol/(kg·day))",4.98,2.99,6.81,49.8
"220","9H-Fluoren-2-ol","CTV Oral Slope Factor (OSF)","risk per mg/(kg·day)",0.52,0.00534,35.5,49.8
"221","9H-Fluoren-2-ol","CTV Cancer Potency Value (CPV)","Log10(risk per Mol/(kg·day))",5.74,3.76,7.79,42.3
"222","9H-Fluoren-2-ol","CTV Cancer Potency Value (CPV)","risk per mg/(kg·day)",2.98,0.0314,335,42.3
"223","9H-Fluoren-2-ol","CTV Inhalation Unit Risk (IUR)","Log10(m3/Mol)",4.9,2.51,6.76,10.1
"224","9H-Fluoren-2-ol","CTV Inhalation Unit Risk (IUR)","risk per µg/m3",0.431,0.00178,31.5,10.1
"225","2-NAPHTHOL","CTV Reference Dose (RfD)","  -Log10Mol/(kg·day)",7.08,5.47,8.58,13.7
"226","2-NAPHTHOL","CTV Reference Dose (RfD)","mg/(kg·day)",0.012,0.000376,0.49,13.7
"227","2-NAPHTHOL","CTV Reference Dose NO(A)EL","  -Log10Mol/(kg·day)",3.87,2.27,5.31,2.93
"228","2-NAPHTHOL","CTV Reference Dose NO(A)EL","mg/(kg·day)",19.5,0.703,783,2.93
"229","2-NAPHTHOL","CTV Reference Dose (RfD) BMD","  -Log10Mol/(kg·day)",3.47,1.47,5.41,2.43
"230","2-NAPHTHOL","CTV Reference Dose (RfD) BMD","mg/(kg·day)",49,0.565,4880,2.43
"231","2-NAPHTHOL","CTV Reference Dose (RfD) BMDL","  -Log10Mol/(kg·day)",3.69,1.91,5.4,2.43
"232","2-NAPHTHOL","CTV Reference Dose (RfD) BMDL","mg/(kg·day)",29.6,0.568,1790,2.43
"233","2-NAPHTHOL","CTV Reference Concentration (RfC)","  -Log10Mol/m3",8.11,5.71,10.1,4.24
"234","2-NAPHTHOL","CTV Reference Concentration (RfC)","mg/m3",0.00113,1.08e-05,0.279,4.24
"235","2-NAPHTHOL","CTV Oral Slope Factor (OSF)","Log10(risk per Mol/(kg·day))",4.72,2.73,6.55,33.1
"236","2-NAPHTHOL","CTV Oral Slope Factor (OSF)","risk per mg/(kg·day)",0.365,0.00375,24.9,33.1
"237","2-NAPHTHOL","CTV Cancer Potency Value (CPV)","Log10(risk per Mol/(kg·day))",5.41,3.44,7.46,28.3
"238","2-NAPHTHOL","CTV Cancer Potency Value (CPV)","risk per mg/(kg·day)",1.8,0.0189,202,28.3
"239","2-NAPHTHOL","CTV Inhalation Unit Risk (IUR)","Log10(m3/Mol)",4.16,1.78,6.02,6.47
"240","2-NAPHTHOL","CTV Inhalation Unit Risk (IUR)","risk per µg/m3",0.1,0.000413,7.33,6.47
"241","Phenanthren-2-ol","CTV Reference Dose (RfD)","  -Log10Mol/(kg·day)",7.27,5.65,8.77,29.8
"242","Phenanthren-2-ol","CTV Reference Dose (RfD)","mg/(kg·day)",0.0105,0.00033,0.43,29.8
"243","Phenanthren-2-ol","CTV Reference Dose NO(A)EL","  -Log10Mol/(kg·day)",4.24,2.63,5.68,7.35
"244","Phenanthren-2-ol","CTV Reference Dose NO(A)EL","mg/(kg·day)",11.2,0.405,451,7.35
"245","Phenanthren-2-ol","CTV Reference Dose (RfD) BMD","  -Log10Mol/(kg·day)",3.64,1.64,5.57,5.65
"246","Phenanthren-2-ol","CTV Reference Dose (RfD) BMD","mg/(kg·day)",44.9,0.518,4470,5.65
"247","Phenanthren-2-ol","CTV Reference Dose (RfD) BMDL","  -Log10Mol/(kg·day)",3.99,2.21,5.71,5.65
"248","Phenanthren-2-ol","CTV Reference Dose (RfD) BMDL","mg/(kg·day)",20,0.383,1210,5.65
"249","Phenanthren-2-ol","CTV Reference Concentration (RfC)","  -Log10Mol/m3",9.59,7.19,11.6,11.6
"250","Phenanthren-2-ol","CTV Reference Concentration (RfC)","mg/m3",5.05e-05,4.83e-07,0.0125,11.6
"251","Phenanthren-2-ol","CTV Oral Slope Factor (OSF)","Log10(risk per Mol/(kg·day))",5.16,3.17,6.99,61.8
"252","Phenanthren-2-ol","CTV Oral Slope Factor (OSF)","risk per mg/(kg·day)",0.738,0.00757,50.3,61.8
"253","Phenanthren-2-ol","CTV Cancer Potency Value (CPV)","Log10(risk per Mol/(kg·day))",6.01,4.03,8.06,53
"254","Phenanthren-2-ol","CTV Cancer Potency Value (CPV)","risk per mg/(kg·day)",5.26,0.0553,591,53
"255","Phenanthren-2-ol","CTV Inhalation Unit Risk (IUR)","Log10(m3/Mol)",5.12,2.74,6.98,12.5
"256","Phenanthren-2-ol","CTV Inhalation Unit Risk (IUR)","risk per µg/m3",0.679,0.0028,49.6,12.5
"257","2,5-dichlorophenol","CTV Reference Dose (RfD)","  -Log10Mol/(kg·day)",7.35,5.74,8.86,5.04
"258","2,5-dichlorophenol","CTV Reference Dose (RfD)","mg/(kg·day)",0.00726,0.000227,0.296,5.04
"259","2,5-dichlorophenol","CTV Reference Dose NO(A)EL","  -Log10Mol/(kg·day)",4.52,2.91,5.96,2.53
"260","2,5-dichlorophenol","CTV Reference Dose NO(A)EL","mg/(kg·day)",4.94,0.178,198,2.53
"261","2,5-dichlorophenol","CTV Reference Dose (RfD) BMD","  -Log10Mol/(kg·day)",5.01,3.01,6.95,0.686
"262","2,5-dichlorophenol","CTV Reference Dose (RfD) BMD","mg/(kg·day)",1.58,0.0182,158,0.686
"263","2,5-dichlorophenol","CTV Reference Dose (RfD) BMDL","  -Log10Mol/(kg·day)",5.25,3.47,6.97,0.686
"264","2,5-dichlorophenol","CTV Reference Dose (RfD) BMDL","mg/(kg·day)",0.912,0.0175,55,0.686
"265","2,5-dichlorophenol","CTV Reference Concentration (RfC)","  -Log10Mol/m3",7.7,5.31,9.72,1.04
"266","2,5-dichlorophenol","CTV Reference Concentration (RfC)","mg/m3",0.00322,3.08e-05,0.797,1.04
"267","2,5-dichlorophenol","CTV Oral Slope Factor (OSF)","Log10(risk per Mol/(kg·day))",4.57,2.58,6.41,8.57
"268","2,5-dichlorophenol","CTV Oral Slope Factor (OSF)","risk per mg/(kg·day)",0.229,0.00235,15.6,8.57
"269","2,5-dichlorophenol","CTV Cancer Potency Value (CPV)","Log10(risk per Mol/(kg·day))",5.29,3.31,7.34,7.26
"270","2,5-dichlorophenol","CTV Cancer Potency Value (CPV)","risk per mg/(kg·day)",1.19,0.0125,133,7.26
"271","2,5-dichlorophenol","CTV Inhalation Unit Risk (IUR)","Log10(m3/Mol)",3.87,1.49,5.74,1.89
"272","2,5-dichlorophenol","CTV Inhalation Unit Risk (IUR)","risk per µg/m3",0.0458,0.000189,3.35,1.89
"273","3-HYDROXYFLUORENE","CTV Reference Dose (RfD)","  -Log10Mol/(kg·day)",7.18,5.57,8.68,25.6
"274","3-HYDROXYFLUORENE","CTV Reference Dose (RfD)","mg/(kg·day)",0.0121,0.000378,0.493,25.6
"275","3-HYDROXYFLUORENE","CTV Reference Dose NO(A)EL","  -Log10Mol/(kg·day)",4.33,2.72,5.77,9.5
"276","3-HYDROXYFLUORENE","CTV Reference Dose NO(A)EL","mg/(kg·day)",8.6,0.31,345,9.5
"277","3-HYDROXYFLUORENE","CTV Reference Dose (RfD) BMD","  -Log10Mol/(kg·day)",3.5,1.51,5.44,4.22
"278","3-HYDROXYFLUORENE","CTV Reference Dose (RfD) BMD","mg/(kg·day)",57,0.658,5680,4.22
"279","3-HYDROXYFLUORENE","CTV Reference Dose (RfD) BMDL","  -Log10Mol/(kg·day)",3.78,2,5.5,4.22
"280","3-HYDROXYFLUORENE","CTV Reference Dose (RfD) BMDL","mg/(kg·day)",30.3,0.581,1830,4.22
"281","3-HYDROXYFLUORENE","CTV Reference Concentration (RfC)","  -Log10Mol/m3",8.62,6.23,10.6,9.58
"282","3-HYDROXYFLUORENE","CTV Reference Concentration (RfC)","mg/m3",0.000434,4.16e-06,0.108,9.58
"283","3-HYDROXYFLUORENE","CTV Oral Slope Factor (OSF)","Log10(risk per Mol/(kg·day))",5.04,3.05,6.87,50
"284","3-HYDROXYFLUORENE","CTV Oral Slope Factor (OSF)","risk per mg/(kg·day)",0.597,0.00613,40.7,50
"285","3-HYDROXYFLUORENE","CTV Cancer Potency Value (CPV)","Log10(risk per Mol/(kg·day))",5.83,3.85,7.88,42.4
"286","3-HYDROXYFLUORENE","CTV Cancer Potency Value (CPV)","risk per mg/(kg·day)",3.67,0.0387,413,42.4
"287","3-HYDROXYFLUORENE","CTV Inhalation Unit Risk (IUR)","Log10(m3/Mol)",4.96,2.57,6.82,10.2
"288","3-HYDROXYFLUORENE","CTV Inhalation Unit Risk (IUR)","risk per µg/m3",0.499,0.00206,36.5,10.2
"289","3-Phenoxybenzoic acid","CTV Reference Dose (RfD)","  -Log10Mol/(kg·day)",7.24,5.63,8.74,26.2
"290","3-Phenoxybenzoic acid","CTV Reference Dose (RfD)","mg/(kg·day)",0.0124,0.000387,0.504,26.2
"291","3-Phenoxybenzoic acid","CTV Reference Dose NO(A)EL","  -Log10Mol/(kg·day)",4.83,3.23,6.27,6
"292","3-Phenoxybenzoic acid","CTV Reference Dose NO(A)EL","mg/(kg·day)",3.15,0.114,127,6
"293","3-Phenoxybenzoic acid","CTV Reference Dose (RfD) BMD","  -Log10Mol/(kg·day)",3.79,1.79,5.73,4.46
"294","3-Phenoxybenzoic acid","CTV Reference Dose (RfD) BMD","mg/(kg·day)",34.5,0.398,3440,4.46
"295","3-Phenoxybenzoic acid","CTV Reference Dose (RfD) BMDL","  -Log10Mol/(kg·day)",4.19,2.41,5.91,4.46
"296","3-Phenoxybenzoic acid","CTV Reference Dose (RfD) BMDL","mg/(kg·day)",13.9,0.266,839,4.46
"297","3-Phenoxybenzoic acid","CTV Reference Concentration (RfC)","  -Log10Mol/m3",9.12,6.72,11.1,7.17
"298","3-Phenoxybenzoic acid","CTV Reference Concentration (RfC)","mg/m3",0.000164,1.57e-06,0.0407,7.17
"299","3-Phenoxybenzoic acid","CTV Oral Slope Factor (OSF)","Log10(risk per Mol/(kg·day))",4.7,2.71,6.53,59.5
"300","3-Phenoxybenzoic acid","CTV Oral Slope Factor (OSF)","risk per mg/(kg·day)",0.232,0.00238,15.8,59.5
"301","3-Phenoxybenzoic acid","CTV Cancer Potency Value (CPV)","Log10(risk per Mol/(kg·day))",5.58,3.6,7.63,51
"302","3-Phenoxybenzoic acid","CTV Cancer Potency Value (CPV)","risk per mg/(kg·day)",1.76,0.0185,198,51
"303","3-Phenoxybenzoic acid","CTV Inhalation Unit Risk (IUR)","Log10(m3/Mol)",4.51,2.13,6.38,9
"304","3-Phenoxybenzoic acid","CTV Inhalation Unit Risk (IUR)","risk per µg/m3",0.152,0.000626,11.1,9
"305","3-Phenanthrol","CTV Reference Dose (RfD)","  -Log10Mol/(kg·day)",7.26,5.65,8.76,29.6
"306","3-Phenanthrol","CTV Reference Dose (RfD)","mg/(kg·day)",0.0108,0.000337,0.44,29.6
"307","3-Phenanthrol","CTV Reference Dose NO(A)EL","  -Log10Mol/(kg·day)",4.23,2.63,5.67,7.34
"308","3-Phenanthrol","CTV Reference Dose NO(A)EL","mg/(kg·day)",11.4,0.412,459,7.34
"309","3-Phenanthrol","CTV Reference Dose (RfD) BMD","  -Log10Mol/(kg·day)",3.63,1.63,5.57,5.62
"310","3-Phenanthrol","CTV Reference Dose (RfD) BMD","mg/(kg·day)",45.3,0.522,4510,5.62
"311","3-Phenanthrol","CTV Reference Dose (RfD) BMDL","  -Log10Mol/(kg·day)",3.99,2.21,5.71,5.62
"312","3-Phenanthrol","CTV Reference Dose (RfD) BMDL","mg/(kg·day)",19.7,0.378,1190,5.62
"313","3-Phenanthrol","CTV Reference Concentration (RfC)","  -Log10Mol/m3",9.6,7.2,11.6,11.4
"314","3-Phenanthrol","CTV Reference Concentration (RfC)","mg/m3",4.91e-05,4.7e-07,0.0122,11.4
"315","3-Phenanthrol","CTV Oral Slope Factor (OSF)","Log10(risk per Mol/(kg·day))",5.16,3.17,6.99,61.9
"316","3-Phenanthrol","CTV Oral Slope Factor (OSF)","risk per mg/(kg·day)",0.736,0.00755,50.2,61.9
"317","3-Phenanthrol","CTV Cancer Potency Value (CPV)","Log10(risk per Mol/(kg·day))",6.02,4.05,8.07,52.9
"318","3-Phenanthrol","CTV Cancer Potency Value (CPV)","risk per mg/(kg·day)",5.43,0.0571,610,52.9
"319","3-Phenanthrol","CTV Inhalation Unit Risk (IUR)","Log10(m3/Mol)",5.11,2.72,6.97,12.4
"320","3-Phenanthrol","CTV Inhalation Unit Risk (IUR)","risk per µg/m3",0.661,0.00273,48.3,12.4
"321","MONO(3-CARBOXYPROPYL) PHTHALATE","CTV Reference Dose (RfD)","  -Log10Mol/(kg·day)",6.96,5.35,8.47,6.92
"322","MONO(3-CARBOXYPROPYL) PHTHALATE","CTV Reference Dose (RfD)","mg/(kg·day)",0.0276,0.000862,1.12,6.92
"323","MONO(3-CARBOXYPROPYL) PHTHALATE","CTV Reference Dose NO(A)EL","  -Log10Mol/(kg·day)",4.3,2.69,5.74,2.79
"324","MONO(3-CARBOXYPROPYL) PHTHALATE","CTV Reference Dose NO(A)EL","mg/(kg·day)",12.8,0.461,513,2.79
"325","MONO(3-CARBOXYPROPYL) PHTHALATE","CTV Reference Dose (RfD) BMD","  -Log10Mol/(kg·day)",3.86,1.86,5.8,4.61
"326","MONO(3-CARBOXYPROPYL) PHTHALATE","CTV Reference Dose (RfD) BMD","mg/(kg·day)",34.6,0.399,3450,4.61
"327","MONO(3-CARBOXYPROPYL) PHTHALATE","CTV Reference Dose (RfD) BMDL","  -Log10Mol/(kg·day)",4.26,2.48,5.98,4.61
"328","MONO(3-CARBOXYPROPYL) PHTHALATE","CTV Reference Dose (RfD) BMDL","mg/(kg·day)",13.8,0.265,834,4.61
"329","MONO(3-CARBOXYPROPYL) PHTHALATE","CTV Reference Concentration (RfC)","  -Log10Mol/m3",8.43,6.03,10.4,12.9
"330","MONO(3-CARBOXYPROPYL) PHTHALATE","CTV Reference Concentration (RfC)","mg/m3",0.000944,9.04e-06,0.234,12.9
"331","MONO(3-CARBOXYPROPYL) PHTHALATE","CTV Oral Slope Factor (OSF)","Log10(risk per Mol/(kg·day))",5.1,3.11,6.93,12.2
"332","MONO(3-CARBOXYPROPYL) PHTHALATE","CTV Oral Slope Factor (OSF)","risk per mg/(kg·day)",0.494,0.00507,33.7,12.2
"333","MONO(3-CARBOXYPROPYL) PHTHALATE","CTV Cancer Potency Value (CPV)","Log10(risk per Mol/(kg·day))",5.41,3.43,7.46,11.1
"334","MONO(3-CARBOXYPROPYL) PHTHALATE","CTV Cancer Potency Value (CPV)","risk per mg/(kg·day)",1.02,0.0107,114,11.1
"335","MONO(3-CARBOXYPROPYL) PHTHALATE","CTV Inhalation Unit Risk (IUR)","Log10(m3/Mol)",4.77,2.38,6.63,6.99
"336","MONO(3-CARBOXYPROPYL) PHTHALATE","CTV Inhalation Unit Risk (IUR)","risk per µg/m3",0.232,0.000957,17,6.99
"337","Phenanthren-4-ol","CTV Reference Dose (RfD)","  -Log10Mol/(kg·day)",7.31,5.7,8.81,29.6
"338","Phenanthren-4-ol","CTV Reference Dose (RfD)","mg/(kg·day)",0.00955,0.000299,0.389,29.6
"339","Phenanthren-4-ol","CTV Reference Dose NO(A)EL","  -Log10Mol/(kg·day)",4.25,2.65,5.7,7.37
"340","Phenanthren-4-ol","CTV Reference Dose NO(A)EL","mg/(kg·day)",10.9,0.392,436,7.37
"341","Phenanthren-4-ol","CTV Reference Dose (RfD) BMD","  -Log10Mol/(kg·day)",3.64,1.64,5.58,5.59
"342","Phenanthren-4-ol","CTV Reference Dose (RfD) BMD","mg/(kg·day)",44.7,0.515,4450,5.59
"343","Phenanthren-4-ol","CTV Reference Dose (RfD) BMDL","  -Log10Mol/(kg·day)",4,2.22,5.72,5.59
"344","Phenanthren-4-ol","CTV Reference Dose (RfD) BMDL","mg/(kg·day)",19.3,0.37,1170,5.59
"345","Phenanthren-4-ol","CTV Reference Concentration (RfC)","  -Log10Mol/m3",9.6,7.21,11.6,11.5
"346","Phenanthren-4-ol","CTV Reference Concentration (RfC)","mg/m3",4.86e-05,4.65e-07,0.012,11.5
"347","Phenanthren-4-ol","CTV Oral Slope Factor (OSF)","Log10(risk per Mol/(kg·day))",5.25,3.26,7.08,61.8
"348","Phenanthren-4-ol","CTV Oral Slope Factor (OSF)","risk per mg/(kg·day)",0.913,0.00937,62.2,61.8
"349","Phenanthren-4-ol","CTV Cancer Potency Value (CPV)","Log10(risk per Mol/(kg·day))",6.06,4.08,8.11,52.9
"350","Phenanthren-4-ol","CTV Cancer Potency Value (CPV)","risk per mg/(kg·day)",5.86,0.0617,659,52.9
"351","Phenanthren-4-ol","CTV Inhalation Unit Risk (IUR)","Log10(m3/Mol)",5.21,2.82,7.07,12.2
"352","Phenanthren-4-ol","CTV Inhalation Unit Risk (IUR)","risk per µg/m3",0.829,0.00342,60.6,12.2
"353","189084-64-8","CTV Reference Dose (RfD)","  -Log10Mol/(kg·day)",9.86,8.25,11.4,31.9
"354","189084-64-8","CTV Reference Dose (RfD)","mg/(kg·day)",7.82e-05,2.44e-06,0.00319,31.9
"355","189084-64-8","CTV Reference Dose NO(A)EL","  -Log10Mol/(kg·day)",5.95,4.34,7.39,15.5
"356","189084-64-8","CTV Reference Dose NO(A)EL","mg/(kg·day)",0.639,0.0231,25.7,15.5
"357","189084-64-8","CTV Reference Dose (RfD) BMD","  -Log10Mol/(kg·day)",5.78,3.79,7.72,6.93
"358","189084-64-8","CTV Reference Dose (RfD) BMD","mg/(kg·day)",0.929,0.0107,92.6,6.93
"359","189084-64-8","CTV Reference Dose (RfD) BMDL","  -Log10Mol/(kg·day)",6.01,4.23,7.73,6.93
"360","189084-64-8","CTV Reference Dose (RfD) BMDL","mg/(kg·day)",0.549,0.0105,33.2,6.93
"361","189084-64-8","CTV Reference Concentration (RfC)","  -Log10Mol/m3",9.43,7.04,11.4,12.2
"362","189084-64-8","CTV Reference Concentration (RfC)","mg/m3",0.000209,2.01e-06,0.0519,12.2
"363","189084-64-8","CTV Oral Slope Factor (OSF)","Log10(risk per Mol/(kg·day))",6.52,4.53,8.35,49.8
"364","189084-64-8","CTV Oral Slope Factor (OSF)","risk per mg/(kg·day)",5.84,0.0599,398,49.8
"365","189084-64-8","CTV Cancer Potency Value (CPV)","Log10(risk per Mol/(kg·day))",6.78,4.8,8.83,43.2
"366","189084-64-8","CTV Cancer Potency Value (CPV)","risk per mg/(kg·day)",10.6,0.111,1190,43.2
"367","189084-64-8","CTV Inhalation Unit Risk (IUR)","Log10(m3/Mol)",6.73,4.34,8.59,11.1
"368","189084-64-8","CTV Inhalation Unit Risk (IUR)","risk per µg/m3",9.5,0.0392,695,11.1
"369","2-Ethyl-5-carboxypentyl phthalate","CTV Reference Dose (RfD)","  -Log10Mol/(kg·day)",6.7,5.09,8.21,9.03
"370","2-Ethyl-5-carboxypentyl phthalate","CTV Reference Dose (RfD)","mg/(kg·day)",0.0611,0.00191,2.49,9.03
"371","2-Ethyl-5-carboxypentyl phthalate","CTV Reference Dose NO(A)EL","  -Log10Mol/(kg·day)",4.14,2.54,5.58,2.86
"372","2-Ethyl-5-carboxypentyl phthalate","CTV Reference Dose NO(A)EL","mg/(kg·day)",22.4,0.807,898,2.86
"373","2-Ethyl-5-carboxypentyl phthalate","CTV Reference Dose (RfD) BMD","  -Log10Mol/(kg·day)",3.83,1.83,5.76,5.68
"374","2-Ethyl-5-carboxypentyl phthalate","CTV Reference Dose (RfD) BMD","mg/(kg·day)",46,0.531,4580,5.68
"375","2-Ethyl-5-carboxypentyl phthalate","CTV Reference Dose (RfD) BMDL","  -Log10Mol/(kg·day)",4.16,2.38,5.88,5.68
"376","2-Ethyl-5-carboxypentyl phthalate","CTV Reference Dose (RfD) BMDL","mg/(kg·day)",21.2,0.406,1280,5.68
"377","2-Ethyl-5-carboxypentyl phthalate","CTV Reference Concentration (RfC)","  -Log10Mol/m3",8.22,5.82,10.2,15.4
"378","2-Ethyl-5-carboxypentyl phthalate","CTV Reference Concentration (RfC)","mg/m3",0.00187,1.79e-05,0.464,15.4
"379","2-Ethyl-5-carboxypentyl phthalate","CTV Oral Slope Factor (OSF)","Log10(risk per Mol/(kg·day))",4.94,2.95,6.77,13.7
"380","2-Ethyl-5-carboxypentyl phthalate","CTV Oral Slope Factor (OSF)","risk per mg/(kg·day)",0.283,0.0029,19.3,13.7
"381","2-Ethyl-5-carboxypentyl phthalate","CTV Cancer Potency Value (CPV)","Log10(risk per Mol/(kg·day))",5.9,3.92,7.95,13.1
"382","2-Ethyl-5-carboxypentyl phthalate","CTV Cancer Potency Value (CPV)","risk per mg/(kg·day)",2.57,0.027,289,13.1
"383","2-Ethyl-5-carboxypentyl phthalate","CTV Inhalation Unit Risk (IUR)","Log10(m3/Mol)",4.92,2.54,6.78,10.2
"384","2-Ethyl-5-carboxypentyl phthalate","CTV Inhalation Unit Risk (IUR)","risk per µg/m3",0.27,0.00111,19.7,10.2
"385","40321-99-1","CTV Reference Dose (RfD)","  -Log10Mol/(kg·day)",6.59,4.98,8.1,7.92
"386","40321-99-1","CTV Reference Dose (RfD)","mg/(kg·day)",0.0755,0.00236,3.08,7.92
"387","40321-99-1","CTV Reference Dose NO(A)EL","  -Log10Mol/(kg·day)",4.12,2.52,5.57,2.16
"388","40321-99-1","CTV Reference Dose NO(A)EL","mg/(kg·day)",22.1,0.796,886,2.16
"389","40321-99-1","CTV Reference Dose (RfD) BMD","  -Log10Mol/(kg·day)",3.68,1.69,5.62,3.95
"390","40321-99-1","CTV Reference Dose (RfD) BMD","mg/(kg·day)",60.9,0.702,6060,3.95
"391","40321-99-1","CTV Reference Dose (RfD) BMDL","  -Log10Mol/(kg·day)",4.01,2.23,5.73,3.95
"392","40321-99-1","CTV Reference Dose (RfD) BMDL","mg/(kg·day)",28.5,0.547,1720,3.95
"393","40321-99-1","CTV Reference Concentration (RfC)","  -Log10Mol/m3",8.15,5.76,10.2,10.6
"394","40321-99-1","CTV Reference Concentration (RfC)","mg/m3",0.00208,1.99e-05,0.516,10.6
"395","40321-99-1","CTV Oral Slope Factor (OSF)","Log10(risk per Mol/(kg·day))",4.81,2.82,6.64,12.8
"396","40321-99-1","CTV Oral Slope Factor (OSF)","risk per mg/(kg·day)",0.219,0.00225,15,12.8
"397","40321-99-1","CTV Cancer Potency Value (CPV)","Log10(risk per Mol/(kg·day))",5.5,3.52,7.55,11.9
"398","40321-99-1","CTV Cancer Potency Value (CPV)","risk per mg/(kg·day)",1.06,0.0112,120,11.9
"399","40321-99-1","CTV Inhalation Unit Risk (IUR)","Log10(m3/Mol)",4.76,2.38,6.63,8.26
"400","40321-99-1","CTV Inhalation Unit Risk (IUR)","risk per µg/m3",0.198,0.000816,14.5,8.26
"401","40321-98-0","CTV Reference Dose (RfD)","  -Log10Mol/(kg·day)",6.62,5.01,8.13,8.02
"402","40321-98-0","CTV Reference Dose (RfD)","mg/(kg·day)",0.0695,0.00217,2.83,8.02
"403","40321-98-0","CTV Reference Dose NO(A)EL","  -Log10Mol/(kg·day)",4.22,2.61,5.66,2.41
"404","40321-98-0","CTV Reference Dose NO(A)EL","mg/(kg·day)",17.7,0.638,710,2.41
"405","40321-98-0","CTV Reference Dose (RfD) BMD","  -Log10Mol/(kg·day)",3.71,1.71,5.65,3.85
"406","40321-98-0","CTV Reference Dose (RfD) BMD","mg/(kg·day)",57,0.658,5680,3.85
"407","40321-98-0","CTV Reference Dose (RfD) BMDL","  -Log10Mol/(kg·day)",4.07,2.29,5.79,3.85
"408","40321-98-0","CTV Reference Dose (RfD) BMDL","mg/(kg·day)",24.9,0.477,1500,3.85
"409","40321-98-0","CTV Reference Concentration (RfC)","  -Log10Mol/m3",8.08,5.69,10.1,11
"410","40321-98-0","CTV Reference Concentration (RfC)","mg/m3",0.00242,2.32e-05,0.599,11
"411","40321-98-0","CTV Oral Slope Factor (OSF)","Log10(risk per Mol/(kg·day))",4.81,2.83,6.65,12.9
"412","40321-98-0","CTV Oral Slope Factor (OSF)","risk per mg/(kg·day)",0.223,0.00229,15.2,12.9
"413","40321-98-0","CTV Cancer Potency Value (CPV)","Log10(risk per Mol/(kg·day))",5.66,3.68,7.71,12
"414","40321-98-0","CTV Cancer Potency Value (CPV)","risk per mg/(kg·day)",1.56,0.0165,176,12
"415","40321-98-0","CTV Inhalation Unit Risk (IUR)","Log10(m3/Mol)",4.81,2.42,6.67,8.64
"416","40321-98-0","CTV Inhalation Unit Risk (IUR)","risk per µg/m3",0.219,0.000905,16,8.64
"417","9H-Fluoren-9-ol","CTV Reference Dose (RfD)","  -Log10Mol/(kg·day)",7.24,5.63,8.74,26.1
"418","9H-Fluoren-9-ol","CTV Reference Dose (RfD)","mg/(kg·day)",0.0105,0.000329,0.429,26.1
"419","9H-Fluoren-9-ol","CTV Reference Dose NO(A)EL","  -Log10Mol/(kg·day)",4.37,2.76,5.81,8.44
"420","9H-Fluoren-9-ol","CTV Reference Dose NO(A)EL","mg/(kg·day)",7.8,0.282,313,8.44
"421","9H-Fluoren-9-ol","CTV Reference Dose (RfD) BMD","  -Log10Mol/(kg·day)",3.55,1.55,5.48,4.37
"422","9H-Fluoren-9-ol","CTV Reference Dose (RfD) BMD","mg/(kg·day)",51.9,0.598,5170,4.37
"423","9H-Fluoren-9-ol","CTV Reference Dose (RfD) BMDL","  -Log10Mol/(kg·day)",3.87,2.09,5.59,4.37
"424","9H-Fluoren-9-ol","CTV Reference Dose (RfD) BMDL","mg/(kg·day)",24.6,0.472,1490,4.37
"425","9H-Fluoren-9-ol","CTV Reference Concentration (RfC)","  -Log10Mol/m3",8.83,6.43,10.8,9.62
"426","9H-Fluoren-9-ol","CTV Reference Concentration (RfC)","mg/m3",0.00027,2.59e-06,0.0669,9.62
"427","9H-Fluoren-9-ol","CTV Oral Slope Factor (OSF)","Log10(risk per Mol/(kg·day))",5.09,3.1,6.93,54.6
"428","9H-Fluoren-9-ol","CTV Oral Slope Factor (OSF)","risk per mg/(kg·day)",0.681,0.00699,46.4,54.6
"429","9H-Fluoren-9-ol","CTV Cancer Potency Value (CPV)","Log10(risk per Mol/(kg·day))",5.85,3.87,7.9,46.2
"430","9H-Fluoren-9-ol","CTV Cancer Potency Value (CPV)","risk per mg/(kg·day)",3.86,0.0407,434,46.2
"431","9H-Fluoren-9-ol","CTV Inhalation Unit Risk (IUR)","Log10(m3/Mol)",4.87,2.49,6.74,10.1
"432","9H-Fluoren-9-ol","CTV Inhalation Unit Risk (IUR)","risk per µg/m3",0.411,0.0017,30.1,10.1
"433","55701-05-8","CTV Reference Dose (RfD)","  -Log10Mol/(kg·day)",7.06,5.45,8.57,4.1
"434","55701-05-8","CTV Reference Dose (RfD)","mg/(kg·day)",0.018,0.000564,0.735,4.1
"435","55701-05-8","CTV Reference Dose NO(A)EL","  -Log10Mol/(kg·day)",4.96,3.36,6.41,3.66
"436","55701-05-8","CTV Reference Dose NO(A)EL","mg/(kg·day)",2.27,0.082,91.3,3.66
"437","55701-05-8","CTV Reference Dose (RfD) BMD","  -Log10Mol/(kg·day)",4.37,2.37,6.3,3.82
"438","55701-05-8","CTV Reference Dose (RfD) BMD","mg/(kg·day)",9,0.104,896,3.82
"439","55701-05-8","CTV Reference Dose (RfD) BMDL","  -Log10Mol/(kg·day)",4.6,2.82,6.32,3.82
"440","55701-05-8","CTV Reference Dose (RfD) BMDL","mg/(kg·day)",5.28,0.101,319,3.82
"441","55701-05-8","CTV Reference Concentration (RfC)","  -Log10Mol/m3",8.11,5.71,10.1,8.95
"442","55701-05-8","CTV Reference Concentration (RfC)","mg/m3",0.00164,1.57e-05,0.405,8.95
"443","55701-05-8","CTV Oral Slope Factor (OSF)","Log10(risk per Mol/(kg·day))",4.26,2.27,6.09,3.16
"444","55701-05-8","CTV Oral Slope Factor (OSF)","risk per mg/(kg·day)",0.0864,0.000886,5.89,3.16
"445","55701-05-8","CTV Cancer Potency Value (CPV)","Log10(risk per Mol/(kg·day))",4.92,2.95,6.98,2.88
"446","55701-05-8","CTV Cancer Potency Value (CPV)","risk per mg/(kg·day)",0.402,0.00423,45.2,2.88
"447","55701-05-8","CTV Inhalation Unit Risk (IUR)","Log10(m3/Mol)",4.02,1.63,5.88,9.63
"448","55701-05-8","CTV Inhalation Unit Risk (IUR)","risk per µg/m3",0.0498,0.000205,3.64,9.63
"449","Dimethyl hydrogen phosphate","CTV Reference Dose (RfD)","  -Log10Mol/(kg·day)",6.86,5.25,8.36,-0.355
"450","Dimethyl hydrogen phosphate","CTV Reference Dose (RfD)","mg/(kg·day)",0.0176,0.00055,0.717,-0.355
"451","Dimethyl hydrogen phosphate","CTV Reference Dose NO(A)EL","  -Log10Mol/(kg·day)",3.87,2.26,5.31,-0.343
"452","Dimethyl hydrogen phosphate","CTV Reference Dose NO(A)EL","mg/(kg·day)",17.1,0.618,688,-0.343
"453","Dimethyl hydrogen phosphate","CTV Reference Dose (RfD) BMD","  -Log10Mol/(kg·day)",3.84,1.84,5.78,1.86
"454","Dimethyl hydrogen phosphate","CTV Reference Dose (RfD) BMD","mg/(kg·day)",18.1,0.209,1810,1.86
"455","Dimethyl hydrogen phosphate","CTV Reference Dose (RfD) BMDL","  -Log10Mol/(kg·day)",4.31,2.53,6.03,1.86
"456","Dimethyl hydrogen phosphate","CTV Reference Dose (RfD) BMDL","mg/(kg·day)",6.16,0.118,372,1.86
"457","Dimethyl hydrogen phosphate","CTV Reference Concentration (RfC)","  -Log10Mol/m3",7.21,4.82,9.23,1.77
"458","Dimethyl hydrogen phosphate","CTV Reference Concentration (RfC)","mg/m3",0.00776,7.43e-05,1.92,1.77
"459","Dimethyl hydrogen phosphate","CTV Oral Slope Factor (OSF)","Log10(risk per Mol/(kg·day))",4,2.01,5.83,-0.194
"460","Dimethyl hydrogen phosphate","CTV Oral Slope Factor (OSF)","risk per mg/(kg·day)",0.0785,0.000805,5.35,-0.194
"461","Dimethyl hydrogen phosphate","CTV Cancer Potency Value (CPV)","Log10(risk per Mol/(kg·day))",4.54,2.56,6.59,0.07
"462","Dimethyl hydrogen phosphate","CTV Cancer Potency Value (CPV)","risk per mg/(kg·day)",0.275,0.00289,30.9,0.07
"463","Dimethyl hydrogen phosphate","CTV Inhalation Unit Risk (IUR)","Log10(m3/Mol)",4.87,2.49,6.74,2.49
"464","Dimethyl hydrogen phosphate","CTV Inhalation Unit Risk (IUR)","risk per µg/m3",0.59,0.00243,43.2,2.49
"465","DIMETHYL THIOPHOSPHATE","CTV Reference Dose (RfD)","  -Log10Mol/(kg·day)",7.44,5.83,8.94,-0.036
"466","DIMETHYL THIOPHOSPHATE","CTV Reference Dose (RfD)","mg/(kg·day)",0.00516,0.000161,0.211,-0.036
"467","DIMETHYL THIOPHOSPHATE","CTV Reference Dose NO(A)EL","  -Log10Mol/(kg·day)",3.99,2.39,5.44,-0.085
"468","DIMETHYL THIOPHOSPHATE","CTV Reference Dose NO(A)EL","mg/(kg·day)",14.4,0.519,578,-0.085
"469","DIMETHYL THIOPHOSPHATE","CTV Reference Dose (RfD) BMD","  -Log10Mol/(kg·day)",4.02,2.02,5.96,1.29
"470","DIMETHYL THIOPHOSPHATE","CTV Reference Dose (RfD) BMD","mg/(kg·day)",13.5,0.156,1350,1.29
"471","DIMETHYL THIOPHOSPHATE","CTV Reference Dose (RfD) BMDL","  -Log10Mol/(kg·day)",4.41,2.63,6.13,1.29
"472","DIMETHYL THIOPHOSPHATE","CTV Reference Dose (RfD) BMDL","mg/(kg·day)",5.47,0.105,330,1.29
"473","DIMETHYL THIOPHOSPHATE","CTV Reference Concentration (RfC)","  -Log10Mol/m3",7.19,4.79,9.21,1.19
"474","DIMETHYL THIOPHOSPHATE","CTV Reference Concentration (RfC)","mg/m3",0.00922,8.83e-05,2.28,1.19
"475","DIMETHYL THIOPHOSPHATE","CTV Oral Slope Factor (OSF)","Log10(risk per Mol/(kg·day))",4.29,2.3,6.12,0.53
"476","DIMETHYL THIOPHOSPHATE","CTV Oral Slope Factor (OSF)","risk per mg/(kg·day)",0.136,0.0014,9.3,0.53
"477","DIMETHYL THIOPHOSPHATE","CTV Cancer Potency Value (CPV)","Log10(risk per Mol/(kg·day))",4.96,2.98,7.01,0.96
"478","DIMETHYL THIOPHOSPHATE","CTV Cancer Potency Value (CPV)","risk per mg/(kg·day)",0.635,0.00668,71.3,0.96
"479","DIMETHYL THIOPHOSPHATE","CTV Inhalation Unit Risk (IUR)","Log10(m3/Mol)",4.7,2.32,6.57,2.26
"480","DIMETHYL THIOPHOSPHATE","CTV Inhalation Unit Risk (IUR)","risk per µg/m3",0.355,0.00146,25.9,2.26
"481","4-Fluoro-3-phenoxybenzoic acid","CTV Reference Dose (RfD)","  -Log10Mol/(kg·day)",7.32,5.71,8.82,24.5
"482","4-Fluoro-3-phenoxybenzoic acid","CTV Reference Dose (RfD)","mg/(kg·day)",0.0111,0.000348,0.454,24.5
"483","4-Fluoro-3-phenoxybenzoic acid","CTV Reference Dose NO(A)EL","  -Log10Mol/(kg·day)",4.85,3.25,6.3,7.31
"484","4-Fluoro-3-phenoxybenzoic acid","CTV Reference Dose NO(A)EL","mg/(kg·day)",3.25,0.117,130,7.31
"485","4-Fluoro-3-phenoxybenzoic acid","CTV Reference Dose (RfD) BMD","  -Log10Mol/(kg·day)",4.06,2.06,5.99,4.57
"486","4-Fluoro-3-phenoxybenzoic acid","CTV Reference Dose (RfD) BMD","mg/(kg·day)",20.4,0.236,2040,4.57
"487","4-Fluoro-3-phenoxybenzoic acid","CTV Reference Dose (RfD) BMDL","  -Log10Mol/(kg·day)",4.5,2.71,6.21,4.57
"488","4-Fluoro-3-phenoxybenzoic acid","CTV Reference Dose (RfD) BMDL","mg/(kg·day)",7.43,0.142,448,4.57
"489","4-Fluoro-3-phenoxybenzoic acid","CTV Reference Concentration (RfC)","  -Log10Mol/m3",9.26,6.87,11.3,7.56
"490","4-Fluoro-3-phenoxybenzoic acid","CTV Reference Concentration (RfC)","mg/m3",0.000126,1.21e-06,0.0313,7.56
"491","4-Fluoro-3-phenoxybenzoic acid","CTV Oral Slope Factor (OSF)","Log10(risk per Mol/(kg·day))",4.75,2.76,6.59,51.8
"492","4-Fluoro-3-phenoxybenzoic acid","CTV Oral Slope Factor (OSF)","risk per mg/(kg·day)",0.243,0.00249,16.6,51.8
"493","4-Fluoro-3-phenoxybenzoic acid","CTV Cancer Potency Value (CPV)","Log10(risk per Mol/(kg·day))",5.61,3.63,7.66,44.2
"494","4-Fluoro-3-phenoxybenzoic acid","CTV Cancer Potency Value (CPV)","risk per mg/(kg·day)",1.75,0.0184,197,44.2
"495","4-Fluoro-3-phenoxybenzoic acid","CTV Inhalation Unit Risk (IUR)","Log10(m3/Mol)",4.69,2.31,6.56,8.35
"496","4-Fluoro-3-phenoxybenzoic acid","CTV Inhalation Unit Risk (IUR)","risk per µg/m3",0.212,0.000873,15.5,8.35
"497","Monobenzyl phthalate","CTV Reference Dose (RfD)","  -Log10Mol/(kg·day)",6.96,5.35,8.47,27.3
"498","Monobenzyl phthalate","CTV Reference Dose (RfD)","mg/(kg·day)",0.0278,0.00087,1.13,27.3
"499","Monobenzyl phthalate","CTV Reference Dose NO(A)EL","  -Log10Mol/(kg·day)",4.55,2.94,5.99,6.32
"500","Monobenzyl phthalate","CTV Reference Dose NO(A)EL","mg/(kg·day)",7.26,0.262,291,6.32
"501","Monobenzyl phthalate","CTV Reference Dose (RfD) BMD","  -Log10Mol/(kg·day)",3.98,1.98,5.92,5.07
"502","Monobenzyl phthalate","CTV Reference Dose (RfD) BMD","mg/(kg·day)",26.9,0.31,2680,5.07
"503","Monobenzyl phthalate","CTV Reference Dose (RfD) BMDL","  -Log10Mol/(kg·day)",4.31,2.53,6.02,5.07
"504","Monobenzyl phthalate","CTV Reference Dose (RfD) BMDL","mg/(kg·day)",12.7,0.243,764,5.07
"505","Monobenzyl phthalate","CTV Reference Concentration (RfC)","  -Log10Mol/m3",8.71,6.32,10.7,12.4
"506","Monobenzyl phthalate","CTV Reference Concentration (RfC)","mg/m3",0.000494,4.73e-06,0.122,12.4
"507","Monobenzyl phthalate","CTV Oral Slope Factor (OSF)","Log10(risk per Mol/(kg·day))",4.94,2.96,6.78,61.1
"508","Monobenzyl phthalate","CTV Oral Slope Factor (OSF)","risk per mg/(kg·day)",0.343,0.00352,23.4,61.1
"509","Monobenzyl phthalate","CTV Cancer Potency Value (CPV)","Log10(risk per Mol/(kg·day))",6.08,4.1,8.13,52.4
"510","Monobenzyl phthalate","CTV Cancer Potency Value (CPV)","risk per mg/(kg·day)",4.71,0.0496,529,52.4
"511","Monobenzyl phthalate","CTV Inhalation Unit Risk (IUR)","Log10(m3/Mol)",5.46,3.07,7.32,10.4
"512","Monobenzyl phthalate","CTV Inhalation Unit Risk (IUR)","risk per µg/m3",1.12,0.0046,81.6,10.4
"513","2,2',4,4',5,5'-Hexabromodiphenyl ether","CTV Reference Dose (RfD)","  -Log10Mol/(kg·day)",9.87,8.26,11.4,35
"514","2,2',4,4',5,5'-Hexabromodiphenyl ether","CTV Reference Dose (RfD)","mg/(kg·day)",8.77e-05,2.74e-06,0.00358,35
"515","2,2',4,4',5,5'-Hexabromodiphenyl ether","CTV Reference Dose NO(A)EL","  -Log10Mol/(kg·day)",6.03,4.43,7.48,19.4
"516","2,2',4,4',5,5'-Hexabromodiphenyl ether","CTV Reference Dose NO(A)EL","mg/(kg·day)",0.596,0.0215,23.9,19.4
"517","2,2',4,4',5,5'-Hexabromodiphenyl ether","CTV Reference Dose (RfD) BMD","  -Log10Mol/(kg·day)",5.84,3.84,7.78,8.45
"518","2,2',4,4',5,5'-Hexabromodiphenyl ether","CTV Reference Dose (RfD) BMD","mg/(kg·day)",0.936,0.0108,93.2,8.45
"519","2,2',4,4',5,5'-Hexabromodiphenyl ether","CTV Reference Dose (RfD) BMDL","  -Log10Mol/(kg·day)",6.09,4.3,7.8,8.45
"520","2,2',4,4',5,5'-Hexabromodiphenyl ether","CTV Reference Dose (RfD) BMDL","mg/(kg·day)",0.529,0.0101,31.9,8.45
"521","2,2',4,4',5,5'-Hexabromodiphenyl ether","CTV Reference Concentration (RfC)","  -Log10Mol/m3",9.78,7.39,11.8,14.7
"522","2,2',4,4',5,5'-Hexabromodiphenyl ether","CTV Reference Concentration (RfC)","mg/m3",0.000106,1.02e-06,0.0263,14.7
"523","2,2',4,4',5,5'-Hexabromodiphenyl ether","CTV Oral Slope Factor (OSF)","Log10(risk per Mol/(kg·day))",6.55,4.57,8.39,55.5
"524","2,2',4,4',5,5'-Hexabromodiphenyl ether","CTV Oral Slope Factor (OSF)","risk per mg/(kg·day)",5.56,0.0571,379,55.5
"525","2,2',4,4',5,5'-Hexabromodiphenyl ether","CTV Cancer Potency Value (CPV)","Log10(risk per Mol/(kg·day))",6.83,4.85,8.88,48.3
"526","2,2',4,4',5,5'-Hexabromodiphenyl ether","CTV Cancer Potency Value (CPV)","risk per mg/(kg·day)",10.5,0.11,1170,48.3
"527","2,2',4,4',5,5'-Hexabromodiphenyl ether","CTV Inhalation Unit Risk (IUR)","Log10(m3/Mol)",6.88,4.5,8.75,13.1
"528","2,2',4,4',5,5'-Hexabromodiphenyl ether","CTV Inhalation Unit Risk (IUR)","risk per µg/m3",11.8,0.0487,864,13.1
"529","Monocyclohexyl phthalate","CTV Reference Dose (RfD)","  -Log10Mol/(kg·day)",6.9,5.29,8.4,6.64
"530","Monocyclohexyl phthalate","CTV Reference Dose (RfD)","mg/(kg·day)",0.0315,0.000985,1.28,6.64
"531","Monocyclohexyl phthalate","CTV Reference Dose NO(A)EL","  -Log10Mol/(kg·day)",4.34,2.73,5.78,2.35
"532","Monocyclohexyl phthalate","CTV Reference Dose NO(A)EL","mg/(kg·day)",11.4,0.411,458,2.35
"533","Monocyclohexyl phthalate","CTV Reference Dose (RfD) BMD","  -Log10Mol/(kg·day)",3.75,1.75,5.68,3.19
"534","Monocyclohexyl phthalate","CTV Reference Dose (RfD) BMD","mg/(kg·day)",44.6,0.514,4440,3.19
"535","Monocyclohexyl phthalate","CTV Reference Dose (RfD) BMDL","  -Log10Mol/(kg·day)",4.04,2.26,5.76,3.19
"536","Monocyclohexyl phthalate","CTV Reference Dose (RfD) BMDL","mg/(kg·day)",22.5,0.432,1360,3.19
"537","Monocyclohexyl phthalate","CTV Reference Concentration (RfC)","  -Log10Mol/m3",8.68,6.28,10.7,8.36
"538","Monocyclohexyl phthalate","CTV Reference Concentration (RfC)","mg/m3",0.000524,5.02e-06,0.13,8.36
"539","Monocyclohexyl phthalate","CTV Oral Slope Factor (OSF)","Log10(risk per Mol/(kg·day))",5,3.01,6.83,12.3
"540","Monocyclohexyl phthalate","CTV Oral Slope Factor (OSF)","risk per mg/(kg·day)",0.398,0.00409,27.2,12.3
"541","Monocyclohexyl phthalate","CTV Cancer Potency Value (CPV)","Log10(risk per Mol/(kg·day))",5.95,3.97,8,11.5
"542","Monocyclohexyl phthalate","CTV Cancer Potency Value (CPV)","risk per mg/(kg·day)",3.6,0.0379,405,11.5
"543","Monocyclohexyl phthalate","CTV Inhalation Unit Risk (IUR)","Log10(m3/Mol)",5.03,2.65,6.9,7.45
"544","Monocyclohexyl phthalate","CTV Inhalation Unit Risk (IUR)","risk per µg/m3",0.434,0.00179,31.8,7.45
"545","4376-20-9","CTV Reference Dose (RfD)","  -Log10Mol/(kg·day)",6.61,5,8.11,7.74
"546","4376-20-9","CTV Reference Dose (RfD)","mg/(kg·day)",0.0686,0.00215,2.8,7.74
"547","4376-20-9","CTV Reference Dose NO(A)EL","  -Log10Mol/(kg·day)",4.13,2.52,5.57,1.96
"548","4376-20-9","CTV Reference Dose NO(A)EL","mg/(kg·day)",20.9,0.752,838,1.96
"549","4376-20-9","CTV Reference Dose (RfD) BMD","  -Log10Mol/(kg·day)",3.62,1.62,5.56,3.2
"550","4376-20-9","CTV Reference Dose (RfD) BMD","mg/(kg·day)",66.4,0.766,6620,3.2
"551","4376-20-9","CTV Reference Dose (RfD) BMDL","  -Log10Mol/(kg·day)",3.97,2.19,5.69,3.2
"552","4376-20-9","CTV Reference Dose (RfD) BMDL","mg/(kg·day)",29.5,0.566,1780,3.2
"553","4376-20-9","CTV Reference Concentration (RfC)","  -Log10Mol/m3",8.27,5.88,10.3,8.91
"554","4376-20-9","CTV Reference Concentration (RfC)","mg/m3",0.0015,1.43e-05,0.371,8.91
"555","4376-20-9","CTV Oral Slope Factor (OSF)","Log10(risk per Mol/(kg·day))",4.68,2.69,6.51,12.3
"556","4376-20-9","CTV Oral Slope Factor (OSF)","risk per mg/(kg·day)",0.172,0.00176,11.7,12.3
"557","4376-20-9","CTV Cancer Potency Value (CPV)","Log10(risk per Mol/(kg·day))",5.51,3.53,7.56,11.8
"558","4376-20-9","CTV Cancer Potency Value (CPV)","risk per mg/(kg·day)",1.17,0.0123,131,11.8
"559","4376-20-9","CTV Inhalation Unit Risk (IUR)","Log10(m3/Mol)",4.69,2.3,6.55,8.16
"560","4376-20-9","CTV Inhalation Unit Risk (IUR)","risk per µg/m3",0.176,0.000724,12.8,8.16
"561","Monoethyl phthalate","CTV Reference Dose (RfD)","  -Log10Mol/(kg·day)",6.83,5.22,8.34,4.82
"562","Monoethyl phthalate","CTV Reference Dose (RfD)","mg/(kg·day)",0.0285,0.000893,1.16,4.82
"563","Monoethyl phthalate","CTV Reference Dose NO(A)EL","  -Log10Mol/(kg·day)",4.56,2.96,6.01,1.74
"564","Monoethyl phthalate","CTV Reference Dose NO(A)EL","mg/(kg·day)",5.32,0.192,214,1.74
"565","Monoethyl phthalate","CTV Reference Dose (RfD) BMD","  -Log10Mol/(kg·day)",3.87,1.88,5.81,1.98
"566","Monoethyl phthalate","CTV Reference Dose (RfD) BMD","mg/(kg·day)",25.9,0.299,2580,1.98
"567","Monoethyl phthalate","CTV Reference Dose (RfD) BMDL","  -Log10Mol/(kg·day)",4.27,2.49,5.98,1.98
"568","Monoethyl phthalate","CTV Reference Dose (RfD) BMDL","mg/(kg·day)",10.5,0.201,634,1.98
"569","Monoethyl phthalate","CTV Reference Concentration (RfC)","  -Log10Mol/m3",8.41,6.02,10.4,4.58
"570","Monoethyl phthalate","CTV Reference Concentration (RfC)","mg/m3",0.000757,7.25e-06,0.187,4.58
"571","Monoethyl phthalate","CTV Oral Slope Factor (OSF)","Log10(risk per Mol/(kg·day))",4.53,2.54,6.37,10.7
"572","Monoethyl phthalate","CTV Oral Slope Factor (OSF)","risk per mg/(kg·day)",0.175,0.0018,12,10.7
"573","Monoethyl phthalate","CTV Cancer Potency Value (CPV)","Log10(risk per Mol/(kg·day))",4.98,3,7.03,9.11
"574","Monoethyl phthalate","CTV Cancer Potency Value (CPV)","risk per mg/(kg·day)",0.487,0.00512,54.7,9.11
"575","Monoethyl phthalate","CTV Inhalation Unit Risk (IUR)","Log10(m3/Mol)",4.13,1.75,6,3.92
"576","Monoethyl phthalate","CTV Inhalation Unit Risk (IUR)","risk per µg/m3",0.07,0.000289,5.12,3.92
"577","2-(Methoxycarbonyl)benzoic acid","CTV Reference Dose (RfD)","  -Log10Mol/(kg·day)",6.76,5.15,8.27,4.69
"578","2-(Methoxycarbonyl)benzoic acid","CTV Reference Dose (RfD)","mg/(kg·day)",0.031,0.00097,1.26,4.69
"579","2-(Methoxycarbonyl)benzoic acid","CTV Reference Dose NO(A)EL","  -Log10Mol/(kg·day)",4.39,2.79,5.84,1.66
"580","2-(Methoxycarbonyl)benzoic acid","CTV Reference Dose NO(A)EL","mg/(kg·day)",7.3,0.263,293,1.66
"581","2-(Methoxycarbonyl)benzoic acid","CTV Reference Dose (RfD) BMD","  -Log10Mol/(kg·day)",3.82,1.82,5.76,1.77
"582","2-(Methoxycarbonyl)benzoic acid","CTV Reference Dose (RfD) BMD","mg/(kg·day)",27.2,0.314,2710,1.77
"583","2-(Methoxycarbonyl)benzoic acid","CTV Reference Dose (RfD) BMDL","  -Log10Mol/(kg·day)",4.2,2.42,5.92,1.77
"584","2-(Methoxycarbonyl)benzoic acid","CTV Reference Dose (RfD) BMDL","mg/(kg·day)",11.3,0.216,680,1.77
"585","2-(Methoxycarbonyl)benzoic acid","CTV Reference Concentration (RfC)","  -Log10Mol/m3",8.27,5.87,10.3,4.32
"586","2-(Methoxycarbonyl)benzoic acid","CTV Reference Concentration (RfC)","mg/m3",0.000978,9.37e-06,0.242,4.32
"587","2-(Methoxycarbonyl)benzoic acid","CTV Oral Slope Factor (OSF)","Log10(risk per Mol/(kg·day))",4.67,2.68,6.5,10.6
"588","2-(Methoxycarbonyl)benzoic acid","CTV Oral Slope Factor (OSF)","risk per mg/(kg·day)",0.259,0.00266,17.7,10.6
"589","2-(Methoxycarbonyl)benzoic acid","CTV Cancer Potency Value (CPV)","Log10(risk per Mol/(kg·day))",5.05,3.08,7.1,9.02
"590","2-(Methoxycarbonyl)benzoic acid","CTV Cancer Potency Value (CPV)","risk per mg/(kg·day)",0.627,0.0066,70.5,9.02
"591","2-(Methoxycarbonyl)benzoic acid","CTV Inhalation Unit Risk (IUR)","Log10(m3/Mol)",4.31,1.93,6.18,3.93
"592","2-(Methoxycarbonyl)benzoic acid","CTV Inhalation Unit Risk (IUR)","risk per µg/m3",0.114,0.000472,8.36,3.93
"593","MONOBUTYL PHTHALATE","CTV Reference Dose (RfD)","  -Log10Mol/(kg·day)",6.72,5.11,8.23,5.57
"594","MONOBUTYL PHTHALATE","CTV Reference Dose (RfD)","mg/(kg·day)",0.042,0.00131,1.71,5.57
"595","MONOBUTYL PHTHALATE","CTV Reference Dose NO(A)EL","  -Log10Mol/(kg·day)",4.31,2.71,5.76,1.87
"596","MONOBUTYL PHTHALATE","CTV Reference Dose NO(A)EL","mg/(kg·day)",10.8,0.39,434,1.87
"597","MONOBUTYL PHTHALATE","CTV Reference Dose (RfD) BMD","  -Log10Mol/(kg·day)",3.77,1.77,5.7,2.23
"598","MONOBUTYL PHTHALATE","CTV Reference Dose (RfD) BMD","mg/(kg·day)",38.1,0.44,3800,2.23
"599","MONOBUTYL PHTHALATE","CTV Reference Dose (RfD) BMDL","  -Log10Mol/(kg·day)",4.15,2.37,5.87,2.23
"600","MONOBUTYL PHTHALATE","CTV Reference Dose (RfD) BMDL","mg/(kg·day)",15.6,0.299,941,2.23
"601","MONOBUTYL PHTHALATE","CTV Reference Concentration (RfC)","  -Log10Mol/m3",8.39,6,10.4,5.94
"602","MONOBUTYL PHTHALATE","CTV Reference Concentration (RfC)","mg/m3",0.000898,8.59e-06,0.222,5.94
"603","MONOBUTYL PHTHALATE","CTV Oral Slope Factor (OSF)","Log10(risk per Mol/(kg·day))",4.58,2.59,6.41,11
"604","MONOBUTYL PHTHALATE","CTV Oral Slope Factor (OSF)","risk per mg/(kg·day)",0.169,0.00174,11.6,11
"605","MONOBUTYL PHTHALATE","CTV Cancer Potency Value (CPV)","Log10(risk per Mol/(kg·day))",5.09,3.12,7.14,9.7
"606","MONOBUTYL PHTHALATE","CTV Cancer Potency Value (CPV)","risk per mg/(kg·day)",0.559,0.00588,62.8,9.7
"607","MONOBUTYL PHTHALATE","CTV Inhalation Unit Risk (IUR)","Log10(m3/Mol)",4.4,2.02,6.27,4.65
"608","MONOBUTYL PHTHALATE","CTV Inhalation Unit Risk (IUR)","risk per µg/m3",0.114,0.000469,8.32,4.65
"609","Octyl hydrogen phthalate","CTV Reference Dose (RfD)","  -Log10Mol/(kg·day)",6.65,5.04,8.16,8.17
"610","Octyl hydrogen phthalate","CTV Reference Dose (RfD)","mg/(kg·day)",0.0623,0.00195,2.54,8.17
"611","Octyl hydrogen phthalate","CTV Reference Dose NO(A)EL","  -Log10Mol/(kg·day)",4.08,2.48,5.52,1.97
"612","Octyl hydrogen phthalate","CTV Reference Dose NO(A)EL","mg/(kg·day)",23.1,0.835,929,1.97
"613","Octyl hydrogen phthalate","CTV Reference Dose (RfD) BMD","  -Log10Mol/(kg·day)",3.73,1.73,5.67,3.22
"614","Octyl hydrogen phthalate","CTV Reference Dose (RfD) BMD","mg/(kg·day)",51.8,0.597,5160,3.22
"615","Octyl hydrogen phthalate","CTV Reference Dose (RfD) BMDL","  -Log10Mol/(kg·day)",4.05,2.27,5.76,3.22
"616","Octyl hydrogen phthalate","CTV Reference Dose (RfD) BMDL","mg/(kg·day)",24.9,0.478,1510,3.22
"617","Octyl hydrogen phthalate","CTV Reference Concentration (RfC)","  -Log10Mol/m3",8.47,6.07,10.5,9.27
"618","Octyl hydrogen phthalate","CTV Reference Concentration (RfC)","mg/m3",0.000951,9.1e-06,0.235,9.27
"619","Octyl hydrogen phthalate","CTV Oral Slope Factor (OSF)","Log10(risk per Mol/(kg·day))",4.56,2.57,6.4,12.6
"620","Octyl hydrogen phthalate","CTV Oral Slope Factor (OSF)","risk per mg/(kg·day)",0.131,0.00135,8.96,12.6
"621","Octyl hydrogen phthalate","CTV Cancer Potency Value (CPV)","Log10(risk per Mol/(kg·day))",5.4,3.42,7.45,13.2
"622","Octyl hydrogen phthalate","CTV Cancer Potency Value (CPV)","risk per mg/(kg·day)",0.907,0.00955,102,13.2
"623","Octyl hydrogen phthalate","CTV Inhalation Unit Risk (IUR)","Log10(m3/Mol)",4.78,2.39,6.64,9.68
"624","Octyl hydrogen phthalate","CTV Inhalation Unit Risk (IUR)","risk per µg/m3",0.216,0.000892,15.8,9.68
"625","MHBP","CTV Reference Dose (RfD)","  -Log10Mol/(kg·day)",6.87,5.26,8.37,5.78
"626","MHBP","CTV Reference Dose (RfD)","mg/(kg·day)",0.0323,0.00101,1.32,5.78
"627","MHBP","CTV Reference Dose NO(A)EL","  -Log10Mol/(kg·day)",4.42,2.81,5.86,2
"628","MHBP","CTV Reference Dose NO(A)EL","mg/(kg·day)",9.13,0.329,367,2
"629","MHBP","CTV Reference Dose (RfD) BMD","  -Log10Mol/(kg·day)",3.75,1.75,5.68,2.96
"630","MHBP","CTV Reference Dose (RfD) BMD","mg/(kg·day)",42.8,0.494,4270,2.96
"631","MHBP","CTV Reference Dose (RfD) BMDL","  -Log10Mol/(kg·day)",4.14,2.36,5.86,2.96
"632","MHBP","CTV Reference Dose (RfD) BMDL","mg/(kg·day)",17.3,0.332,1050,2.96
"633","MHBP","CTV Reference Concentration (RfC)","  -Log10Mol/m3",8.33,5.94,10.4,7.62
"634","MHBP","CTV Reference Concentration (RfC)","mg/m3",0.00111,1.06e-05,0.274,7.62
"635","MHBP","CTV Oral Slope Factor (OSF)","Log10(risk per Mol/(kg·day))",5.01,3.02,6.84,11.3
"636","MHBP","CTV Oral Slope Factor (OSF)","risk per mg/(kg·day)",0.428,0.00439,29.2,11.3
"637","MHBP","CTV Cancer Potency Value (CPV)","Log10(risk per Mol/(kg·day))",5.31,3.33,7.36,9.92
"638","MHBP","CTV Cancer Potency Value (CPV)","risk per mg/(kg·day)",0.853,0.00897,95.8,9.92
"639","MHBP","CTV Inhalation Unit Risk (IUR)","Log10(m3/Mol)",4.61,2.23,6.48,4.79
"640","MHBP","CTV Inhalation Unit Risk (IUR)","risk per µg/m3",0.172,0.000709,12.6,4.79
"641","3,5,6-TRICHLORO-2-PYRIDINOL","CTV Reference Dose (RfD)","  -Log10Mol/(kg·day)",7.43,5.82,8.94,3.77
"642","3,5,6-TRICHLORO-2-PYRIDINOL","CTV Reference Dose (RfD)","mg/(kg·day)",0.00734,0.00023,0.299,3.77
"643","3,5,6-TRICHLORO-2-PYRIDINOL","CTV Reference Dose NO(A)EL","  -Log10Mol/(kg·day)",4.44,2.84,5.88,2.13
"644","3,5,6-TRICHLORO-2-PYRIDINOL","CTV Reference Dose NO(A)EL","mg/(kg·day)",7.22,0.261,290,2.13
"645","3,5,6-TRICHLORO-2-PYRIDINOL","CTV Reference Dose (RfD) BMD","  -Log10Mol/(kg·day)",4.83,2.83,6.76,0.23
"646","3,5,6-TRICHLORO-2-PYRIDINOL","CTV Reference Dose (RfD) BMD","mg/(kg·day)",2.95,0.0341,294,0.23
"647","3,5,6-TRICHLORO-2-PYRIDINOL","CTV Reference Dose (RfD) BMDL","  -Log10Mol/(kg·day)",5.12,3.34,6.84,0.23
"648","3,5,6-TRICHLORO-2-PYRIDINOL","CTV Reference Dose (RfD) BMDL","mg/(kg·day)",1.49,0.0286,90.1,0.23
"649","3,5,6-TRICHLORO-2-PYRIDINOL","CTV Reference Concentration (RfC)","  -Log10Mol/m3",8.61,6.22,10.6,0.751
"650","3,5,6-TRICHLORO-2-PYRIDINOL","CTV Reference Concentration (RfC)","mg/m3",0.000485,4.64e-06,0.12,0.751
"651","3,5,6-TRICHLORO-2-PYRIDINOL","CTV Oral Slope Factor (OSF)","Log10(risk per Mol/(kg·day))",4.46,2.47,6.29,4.35
"652","3,5,6-TRICHLORO-2-PYRIDINOL","CTV Oral Slope Factor (OSF)","risk per mg/(kg·day)",0.146,0.00149,9.93,4.35
"653","3,5,6-TRICHLORO-2-PYRIDINOL","CTV Cancer Potency Value (CPV)","Log10(risk per Mol/(kg·day))",4.83,2.85,6.88,3.65
"654","3,5,6-TRICHLORO-2-PYRIDINOL","CTV Cancer Potency Value (CPV)","risk per mg/(kg·day)",0.339,0.00357,38.2,3.65
"655","3,5,6-TRICHLORO-2-PYRIDINOL","CTV Inhalation Unit Risk (IUR)","Log10(m3/Mol)",3.67,1.29,5.54,0.787
"656","3,5,6-TRICHLORO-2-PYRIDINOL","CTV Inhalation Unit Risk (IUR)","risk per µg/m3",0.0238,9.81e-05,1.74,0.787
"657","35065-28-2","CTV Reference Dose (RfD)","  -Log10Mol/(kg·day)",10.2,8.64,11.8,27.1
"658","35065-28-2","CTV Reference Dose (RfD)","mg/(kg·day)",2.05e-05,6.4e-07,0.000835,27.1
"659","35065-28-2","CTV Reference Dose NO(A)EL","  -Log10Mol/(kg·day)",5.94,4.33,7.38,14.2
"660","35065-28-2","CTV Reference Dose NO(A)EL","mg/(kg·day)",0.417,0.015,16.7,14.2
"661","35065-28-2","CTV Reference Dose (RfD) BMD","  -Log10Mol/(kg·day)",5.68,3.68,7.62,3.72
"662","35065-28-2","CTV Reference Dose (RfD) BMD","mg/(kg·day)",0.759,0.00875,75.6,3.72
"663","35065-28-2","CTV Reference Dose (RfD) BMDL","  -Log10Mol/(kg·day)",5.87,4.09,7.59,3.72
"664","35065-28-2","CTV Reference Dose (RfD) BMDL","mg/(kg·day)",0.488,0.00936,29.5,3.72
"665","35065-28-2","CTV Reference Concentration (RfC)","  -Log10Mol/m3",9.28,6.88,11.3,7.26
"666","35065-28-2","CTV Reference Concentration (RfC)","mg/m3",0.00019,1.82e-06,0.0471,7.26
"667","35065-28-2","CTV Oral Slope Factor (OSF)","Log10(risk per Mol/(kg·day))",6.79,4.8,8.62,52.9
"668","35065-28-2","CTV Oral Slope Factor (OSF)","risk per mg/(kg·day)",17,0.174,1160,52.9
"669","35065-28-2","CTV Cancer Potency Value (CPV)","Log10(risk per Mol/(kg·day))",6.98,5.01,9.04,44.9
"670","35065-28-2","CTV Cancer Potency Value (CPV)","risk per mg/(kg·day)",26.7,0.281,3000,44.9
"671","35065-28-2","CTV Inhalation Unit Risk (IUR)","Log10(m3/Mol)",6.59,4.2,8.45,7.31
"672","35065-28-2","CTV Inhalation Unit Risk (IUR)","risk per µg/m3",10.7,0.044,781,7.31
"673","2,2',4,4',5,6'-Hexabromodiphenyl ether","CTV Reference Dose (RfD)","  -Log10Mol/(kg·day)",9.86,8.25,11.4,35
"674","2,2',4,4',5,6'-Hexabromodiphenyl ether","CTV Reference Dose (RfD)","mg/(kg·day)",8.82e-05,2.76e-06,0.0036,35
"675","2,2',4,4',5,6'-Hexabromodiphenyl ether","CTV Reference Dose NO(A)EL","  -Log10Mol/(kg·day)",6.02,4.42,7.46,19.4
"676","2,2',4,4',5,6'-Hexabromodiphenyl ether","CTV Reference Dose NO(A)EL","mg/(kg·day)",0.614,0.0222,24.7,19.4
"677","2,2',4,4',5,6'-Hexabromodiphenyl ether","CTV Reference Dose (RfD) BMD","  -Log10Mol/(kg·day)",5.79,3.79,7.73,8.54
"678","2,2',4,4',5,6'-Hexabromodiphenyl ether","CTV Reference Dose (RfD) BMD","mg/(kg·day)",1.04,0.012,103,8.54
"679","2,2',4,4',5,6'-Hexabromodiphenyl ether","CTV Reference Dose (RfD) BMDL","  -Log10Mol/(kg·day)",6.07,4.29,7.79,8.54
"680","2,2',4,4',5,6'-Hexabromodiphenyl ether","CTV Reference Dose (RfD) BMDL","mg/(kg·day)",0.549,0.0105,33.1,8.54
"681","2,2',4,4',5,6'-Hexabromodiphenyl ether","CTV Reference Concentration (RfC)","  -Log10Mol/m3",9.76,7.37,11.8,15.3
"682","2,2',4,4',5,6'-Hexabromodiphenyl ether","CTV Reference Concentration (RfC)","mg/m3",0.000111,1.06e-06,0.0275,15.3
"683","2,2',4,4',5,6'-Hexabromodiphenyl ether","CTV Oral Slope Factor (OSF)","Log10(risk per Mol/(kg·day))",6.54,4.55,8.37,55.5
"684","2,2',4,4',5,6'-Hexabromodiphenyl ether","CTV Oral Slope Factor (OSF)","risk per mg/(kg·day)",5.36,0.055,365,55.5
"685","2,2',4,4',5,6'-Hexabromodiphenyl ether","CTV Cancer Potency Value (CPV)","Log10(risk per Mol/(kg·day))",6.81,4.83,8.86,48.4
"686","2,2',4,4',5,6'-Hexabromodiphenyl ether","CTV Cancer Potency Value (CPV)","risk per mg/(kg·day)",10.1,0.106,1130,48.4
"687","2,2',4,4',5,6'-Hexabromodiphenyl ether","CTV Inhalation Unit Risk (IUR)","Log10(m3/Mol)",6.84,4.45,8.7,13.2
"688","2,2',4,4',5,6'-Hexabromodiphenyl ether","CTV Inhalation Unit Risk (IUR)","risk per µg/m3",10.7,0.0442,784,13.2
"689","2,2',4,4',5,5'-Hexachlorobiphenyl","CTV Reference Dose (RfD)","  -Log10Mol/(kg·day)",10.2,8.64,11.8,27.1
"690","2,2',4,4',5,5'-Hexachlorobiphenyl","CTV Reference Dose (RfD)","mg/(kg·day)",2.04e-05,6.37e-07,0.00083,27.1
"691","2,2',4,4',5,5'-Hexachlorobiphenyl","CTV Reference Dose NO(A)EL","  -Log10Mol/(kg·day)",5.93,4.33,7.37,14.2
"692","2,2',4,4',5,5'-Hexachlorobiphenyl","CTV Reference Dose NO(A)EL","mg/(kg·day)",0.422,0.0152,17,14.2
"693","2,2',4,4',5,5'-Hexachlorobiphenyl","CTV Reference Dose (RfD) BMD","  -Log10Mol/(kg·day)",5.7,3.7,7.64,3.78
"694","2,2',4,4',5,5'-Hexachlorobiphenyl","CTV Reference Dose (RfD) BMD","mg/(kg·day)",0.718,0.00828,71.5,3.78
"695","2,2',4,4',5,5'-Hexachlorobiphenyl","CTV Reference Dose (RfD) BMDL","  -Log10Mol/(kg·day)",5.9,4.12,7.62,3.78
"696","2,2',4,4',5,5'-Hexachlorobiphenyl","CTV Reference Dose (RfD) BMDL","mg/(kg·day)",0.452,0.00866,27.3,3.78
"697","2,2',4,4',5,5'-Hexachlorobiphenyl","CTV Reference Concentration (RfC)","  -Log10Mol/m3",9.3,6.9,11.3,7.31
"698","2,2',4,4',5,5'-Hexachlorobiphenyl","CTV Reference Concentration (RfC)","mg/m3",0.000183,1.75e-06,0.0452,7.31
"699","2,2',4,4',5,5'-Hexachlorobiphenyl","CTV Oral Slope Factor (OSF)","Log10(risk per Mol/(kg·day))",6.78,4.79,8.62,53
"700","2,2',4,4',5,5'-Hexachlorobiphenyl","CTV Oral Slope Factor (OSF)","risk per mg/(kg·day)",16.8,0.173,1150,53
"701","2,2',4,4',5,5'-Hexachlorobiphenyl","CTV Cancer Potency Value (CPV)","Log10(risk per Mol/(kg·day))",6.98,5.01,9.03,45
"702","2,2',4,4',5,5'-Hexachlorobiphenyl","CTV Cancer Potency Value (CPV)","risk per mg/(kg·day)",26.7,0.281,3000,45
"703","2,2',4,4',5,5'-Hexachlorobiphenyl","CTV Inhalation Unit Risk (IUR)","Log10(m3/Mol)",6.62,4.24,8.49,7.45
"704","2,2',4,4',5,5'-Hexachlorobiphenyl","CTV Inhalation Unit Risk (IUR)","risk per µg/m3",11.7,0.0481,852,7.45
"705","35065-29-3","CTV Reference Dose (RfD)","  -Log10Mol/(kg·day)",10.3,8.68,11.8,29.5
"706","35065-29-3","CTV Reference Dose (RfD)","mg/(kg·day)",2.03e-05,6.35e-07,0.000829,29.5
"707","35065-29-3","CTV Reference Dose NO(A)EL","  -Log10Mol/(kg·day)",6.05,4.44,7.49,17.3
"708","35065-29-3","CTV Reference Dose NO(A)EL","mg/(kg·day)",0.354,0.0128,14.2,17.3
"709","35065-29-3","CTV Reference Dose (RfD) BMD","  -Log10Mol/(kg·day)",5.74,3.74,7.68,4.14
"710","35065-29-3","CTV Reference Dose (RfD) BMD","mg/(kg·day)",0.717,0.00827,71.4,4.14
"711","35065-29-3","CTV Reference Dose (RfD) BMDL","  -Log10Mol/(kg·day)",6,4.22,7.72,4.14
"712","35065-29-3","CTV Reference Dose (RfD) BMDL","mg/(kg·day)",0.393,0.00753,23.7,4.14
"713","35065-29-3","CTV Reference Concentration (RfC)","  -Log10Mol/m3",9.67,7.27,11.7,8.54
"714","35065-29-3","CTV Reference Concentration (RfC)","mg/m3",8.48e-05,8.12e-07,0.021,8.54
"715","35065-29-3","CTV Oral Slope Factor (OSF)","Log10(risk per Mol/(kg·day))",6.67,4.68,8.51,61.2
"716","35065-29-3","CTV Oral Slope Factor (OSF)","risk per mg/(kg·day)",11.9,0.122,811,61.2
"717","35065-29-3","CTV Cancer Potency Value (CPV)","Log10(risk per Mol/(kg·day))",6.78,4.8,8.83,52
"718","35065-29-3","CTV Cancer Potency Value (CPV)","risk per mg/(kg·day)",15.1,0.159,1700,52
"719","35065-29-3","CTV Inhalation Unit Risk (IUR)","Log10(m3/Mol)",6.42,4.04,8.29,7.71
"720","35065-29-3","CTV Inhalation Unit Risk (IUR)","risk per µg/m3",6.68,0.0276,489,7.71
"721","Monoisobutyl phthalate","CTV Reference Dose (RfD)","  -Log10Mol/(kg·day)",6.75,5.14,8.25,5.74
"722","Monoisobutyl phthalate","CTV Reference Dose (RfD)","mg/(kg·day)",0.0395,0.00124,1.61,5.74
"723","Monoisobutyl phthalate","CTV Reference Dose NO(A)EL","  -Log10Mol/(kg·day)",4.34,2.74,5.78,1.82
"724","Monoisobutyl phthalate","CTV Reference Dose NO(A)EL","mg/(kg·day)",10.2,0.366,408,1.82
"725","Monoisobutyl phthalate","CTV Reference Dose (RfD) BMD","  -Log10Mol/(kg·day)",3.96,1.96,5.89,2.28
"726","Monoisobutyl phthalate","CTV Reference Dose (RfD) BMD","mg/(kg·day)",24.5,0.283,2450,2.28
"727","Monoisobutyl phthalate","CTV Reference Dose (RfD) BMDL","  -Log10Mol/(kg·day)",4.28,2.5,6,2.28
"728","Monoisobutyl phthalate","CTV Reference Dose (RfD) BMDL","mg/(kg·day)",11.6,0.223,701,2.28
"729","Monoisobutyl phthalate","CTV Reference Concentration (RfC)","  -Log10Mol/m3",8.19,5.8,10.2,5.62
"730","Monoisobutyl phthalate","CTV Reference Concentration (RfC)","mg/m3",0.00143,1.37e-05,0.353,5.62
"731","Monoisobutyl phthalate","CTV Oral Slope Factor (OSF)","Log10(risk per Mol/(kg·day))",4.52,2.53,6.36,11
"732","Monoisobutyl phthalate","CTV Oral Slope Factor (OSF)","risk per mg/(kg·day)",0.15,0.00154,10.2,11
"733","Monoisobutyl phthalate","CTV Cancer Potency Value (CPV)","Log10(risk per Mol/(kg·day))",5.02,3.05,7.08,9.44
"734","Monoisobutyl phthalate","CTV Cancer Potency Value (CPV)","risk per mg/(kg·day)",0.476,0.00501,53.5,9.44
"735","Monoisobutyl phthalate","CTV Inhalation Unit Risk (IUR)","Log10(m3/Mol)",4.3,1.92,6.17,4.64
"736","Monoisobutyl phthalate","CTV Inhalation Unit Risk (IUR)","risk per µg/m3",0.0905,0.000373,6.62,4.64
"737","Triclocarban","CTV Reference Dose (RfD)","  -Log10Mol/(kg·day)",7.58,5.97,9.08,25.9
"738","Triclocarban","CTV Reference Dose (RfD)","mg/(kg·day)",0.00832,0.00026,0.339,25.9
"739","Triclocarban","CTV Reference Dose NO(A)EL","  -Log10Mol/(kg·day)",5.13,3.53,6.58,8.81
"740","Triclocarban","CTV Reference Dose NO(A)EL","mg/(kg·day)",2.32,0.0837,93.2,8.81
"741","Triclocarban","CTV Reference Dose (RfD) BMD","  -Log10Mol/(kg·day)",4.56,2.56,6.5,5.24
"742","Triclocarban","CTV Reference Dose (RfD) BMD","mg/(kg·day)",8.72,0.101,869,5.24
"743","Triclocarban","CTV Reference Dose (RfD) BMDL","  -Log10Mol/(kg·day)",4.83,3.05,6.55,5.24
"744","Triclocarban","CTV Reference Dose (RfD) BMDL","mg/(kg·day)",4.66,0.0893,281,5.24
"745","Triclocarban","CTV Reference Concentration (RfC)","  -Log10Mol/m3",9.68,7.29,11.7,14.1
"746","Triclocarban","CTV Reference Concentration (RfC)","mg/m3",6.56e-05,6.28e-07,0.0162,14.1
"747","Triclocarban","CTV Oral Slope Factor (OSF)","Log10(risk per Mol/(kg·day))",5.44,3.45,7.28,48.3
"748","Triclocarban","CTV Oral Slope Factor (OSF)","risk per mg/(kg·day)",0.879,0.00902,59.9,48.3
"749","Triclocarban","CTV Cancer Potency Value (CPV)","Log10(risk per Mol/(kg·day))",6.39,4.41,8.44,41.2
"750","Triclocarban","CTV Cancer Potency Value (CPV)","risk per mg/(kg·day)",7.81,0.0822,878,41.2
"751","Triclocarban","CTV Inhalation Unit Risk (IUR)","Log10(m3/Mol)",5.93,3.54,7.79,8.27
"752","Triclocarban","CTV Inhalation Unit Risk (IUR)","risk per µg/m3",2.68,0.0111,196,8.27
"753","Ethylparaben","CTV Reference Dose (RfD)","  -Log10Mol/(kg·day)",7.07,5.45,8.57,4.35
"754","Ethylparaben","CTV Reference Dose (RfD)","mg/(kg·day)",0.0143,0.000447,0.583,4.35
"755","Ethylparaben","CTV Reference Dose NO(A)EL","  -Log10Mol/(kg·day)",4.46,2.85,5.9,1.4
"756","Ethylparaben","CTV Reference Dose NO(A)EL","mg/(kg·day)",5.81,0.21,233,1.4
"757","Ethylparaben","CTV Reference Dose (RfD) BMD","  -Log10Mol/(kg·day)",3.68,1.69,5.62,1
"758","Ethylparaben","CTV Reference Dose (RfD) BMD","mg/(kg·day)",34.3,0.396,3420,1
"759","Ethylparaben","CTV Reference Dose (RfD) BMDL","  -Log10Mol/(kg·day)",4.03,2.25,5.74,1
"760","Ethylparaben","CTV Reference Dose (RfD) BMDL","mg/(kg·day)",15.6,0.299,941,1
"761","Ethylparaben","CTV Reference Concentration (RfC)","  -Log10Mol/m3",8.39,6,10.4,1.78
"762","Ethylparaben","CTV Reference Concentration (RfC)","mg/m3",0.000669,6.41e-06,0.166,1.78
"763","Ethylparaben","CTV Oral Slope Factor (OSF)","Log10(risk per Mol/(kg·day))",4.42,2.43,6.25,9.81
"764","Ethylparaben","CTV Oral Slope Factor (OSF)","risk per mg/(kg·day)",0.158,0.00162,10.8,9.81
"765","Ethylparaben","CTV Cancer Potency Value (CPV)","Log10(risk per Mol/(kg·day))",4.96,2.98,7.01,8.34
"766","Ethylparaben","CTV Cancer Potency Value (CPV)","risk per mg/(kg·day)",0.547,0.00576,61.5,8.34
"767","Ethylparaben","CTV Inhalation Unit Risk (IUR)","Log10(m3/Mol)",3.98,1.6,5.85,2.47
"768","Ethylparaben","CTV Inhalation Unit Risk (IUR)","risk per µg/m3",0.0577,0.000238,4.22,2.47
"769","Methyl 4-hydroxybenzoate","CTV Reference Dose (RfD)","  -Log10Mol/(kg·day)",6.89,5.28,8.4,3.9
"770","Methyl 4-hydroxybenzoate","CTV Reference Dose (RfD)","mg/(kg·day)",0.0194,0.000606,0.791,3.9
"771","Methyl 4-hydroxybenzoate","CTV Reference Dose NO(A)EL","  -Log10Mol/(kg·day)",4.06,2.46,5.5,1.32
"772","Methyl 4-hydroxybenzoate","CTV Reference Dose NO(A)EL","mg/(kg·day)",13.2,0.477,531,1.32
"773","Methyl 4-hydroxybenzoate","CTV Reference Dose (RfD) BMD","  -Log10Mol/(kg·day)",3.49,1.49,5.43,0.925
"774","Methyl 4-hydroxybenzoate","CTV Reference Dose (RfD) BMD","mg/(kg·day)",49.3,0.569,4910,0.925
"775","Methyl 4-hydroxybenzoate","CTV Reference Dose (RfD) BMDL","  -Log10Mol/(kg·day)",3.85,2.07,5.57,0.925
"776","Methyl 4-hydroxybenzoate","CTV Reference Dose (RfD) BMDL","mg/(kg·day)",21.3,0.409,1290,0.925
"777","Methyl 4-hydroxybenzoate","CTV Reference Concentration (RfC)","  -Log10Mol/m3",8.34,5.95,10.4,1.55
"778","Methyl 4-hydroxybenzoate","CTV Reference Concentration (RfC)","mg/m3",0.000693,6.63e-06,0.171,1.55
"779","Methyl 4-hydroxybenzoate","CTV Oral Slope Factor (OSF)","Log10(risk per Mol/(kg·day))",4.68,2.69,6.52,9.92
"780","Methyl 4-hydroxybenzoate","CTV Oral Slope Factor (OSF)","risk per mg/(kg·day)",0.316,0.00324,21.5,9.92
"781","Methyl 4-hydroxybenzoate","CTV Cancer Potency Value (CPV)","Log10(risk per Mol/(kg·day))",5.02,3.04,7.07,8.41
"782","Methyl 4-hydroxybenzoate","CTV Cancer Potency Value (CPV)","risk per mg/(kg·day)",0.685,0.0072,76.9,8.41
"783","Methyl 4-hydroxybenzoate","CTV Inhalation Unit Risk (IUR)","Log10(m3/Mol)",4.14,1.75,6,2.19
"784","Methyl 4-hydroxybenzoate","CTV Inhalation Unit Risk (IUR)","risk per µg/m3",0.0904,0.000373,6.61,2.19
"785","BUTYLPARABEN","CTV Reference Dose (RfD)","  -Log10Mol/(kg·day)",7.1,5.49,8.6,5.02
"786","BUTYLPARABEN","CTV Reference Dose (RfD)","mg/(kg·day)",0.0154,0.000483,0.63,5.02
"787","BUTYLPARABEN","CTV Reference Dose NO(A)EL","  -Log10Mol/(kg·day)",4.86,3.26,6.31,1.5
"788","BUTYLPARABEN","CTV Reference Dose NO(A)EL","mg/(kg·day)",2.65,0.0957,106,1.5
"789","BUTYLPARABEN","CTV Reference Dose (RfD) BMD","  -Log10Mol/(kg·day)",3.57,1.57,5.51,1.3
"790","BUTYLPARABEN","CTV Reference Dose (RfD) BMD","mg/(kg·day)",52.4,0.604,5210,1.3
"791","BUTYLPARABEN","CTV Reference Dose (RfD) BMDL","  -Log10Mol/(kg·day)",3.96,2.18,5.68,1.3
"792","BUTYLPARABEN","CTV Reference Dose (RfD) BMDL","mg/(kg·day)",21.3,0.408,1280,1.3
"793","BUTYLPARABEN","CTV Reference Concentration (RfC)","  -Log10Mol/m3",8.41,6.02,10.4,2.7
"794","BUTYLPARABEN","CTV Reference Concentration (RfC)","mg/m3",0.000749,7.17e-06,0.185,2.7
"795","BUTYLPARABEN","CTV Oral Slope Factor (OSF)","Log10(risk per Mol/(kg·day))",4.36,2.37,6.19,9.97
"796","BUTYLPARABEN","CTV Oral Slope Factor (OSF)","risk per mg/(kg·day)",0.118,0.00121,8.06,9.97
"797","BUTYLPARABEN","CTV Cancer Potency Value (CPV)","Log10(risk per Mol/(kg·day))",4.91,2.94,6.97,8.83
"798","BUTYLPARABEN","CTV Cancer Potency Value (CPV)","risk per mg/(kg·day)",0.423,0.00445,47.5,8.83
"799","BUTYLPARABEN","CTV Inhalation Unit Risk (IUR)","Log10(m3/Mol)",3.92,1.53,5.78,3.69
"800","BUTYLPARABEN","CTV Inhalation Unit Risk (IUR)","risk per µg/m3",0.0426,0.000176,3.12,3.69
"801","PROPYLPARABEN","CTV Reference Dose (RfD)","  -Log10Mol/(kg·day)",7.14,5.53,8.65,4.49
"802","PROPYLPARABEN","CTV Reference Dose (RfD)","mg/(kg·day)",0.0129,0.000404,0.526,4.49
"803","PROPYLPARABEN","CTV Reference Dose NO(A)EL","  -Log10Mol/(kg·day)",4.65,3.05,6.1,1.42
"804","PROPYLPARABEN","CTV Reference Dose NO(A)EL","mg/(kg·day)",4.01,0.145,161,1.42
"805","PROPYLPARABEN","CTV Reference Dose (RfD) BMD","  -Log10Mol/(kg·day)",3.51,1.51,5.45,1.13
"806","PROPYLPARABEN","CTV Reference Dose (RfD) BMD","mg/(kg·day)",56,0.646,5580,1.13
"807","PROPYLPARABEN","CTV Reference Dose (RfD) BMDL","  -Log10Mol/(kg·day)",3.94,2.16,5.66,1.13
"808","PROPYLPARABEN","CTV Reference Dose (RfD) BMDL","mg/(kg·day)",20.6,0.396,1250,1.13
"809","PROPYLPARABEN","CTV Reference Concentration (RfC)","  -Log10Mol/m3",8.42,6.03,10.4,2.19
"810","PROPYLPARABEN","CTV Reference Concentration (RfC)","mg/m3",0.000683,6.54e-06,0.169,2.19
"811","PROPYLPARABEN","CTV Oral Slope Factor (OSF)","Log10(risk per Mol/(kg·day))",4.19,2.2,6.02,9.89
"812","PROPYLPARABEN","CTV Oral Slope Factor (OSF)","risk per mg/(kg·day)",0.0854,0.000876,5.82,9.89
"813","PROPYLPARABEN","CTV Cancer Potency Value (CPV)","Log10(risk per Mol/(kg·day))",4.74,2.76,6.79,8.54
"814","PROPYLPARABEN","CTV Cancer Potency Value (CPV)","risk per mg/(kg·day)",0.306,0.00322,34.4,8.54
"815","PROPYLPARABEN","CTV Inhalation Unit Risk (IUR)","Log10(m3/Mol)",3.9,1.52,5.77,2.97
"816","PROPYLPARABEN","CTV Inhalation Unit Risk (IUR)","risk per µg/m3",0.0446,0.000184,3.26,2.97
"817","2,2',3,4,4',5',6-heptabromodiphenyl ether","CTV Reference Dose (RfD)","  -Log10Mol/(kg·day)",9.75,8.14,11.3,40.2
"818","2,2',3,4,4',5',6-heptabromodiphenyl ether","CTV Reference Dose (RfD)","mg/(kg·day)",0.000128,4.02e-06,0.00524,40.2
"819","2,2',3,4,4',5',6-heptabromodiphenyl ether","CTV Reference Dose NO(A)EL","  -Log10Mol/(kg·day)",6.01,4.41,7.45,24.3
"820","2,2',3,4,4',5',6-heptabromodiphenyl ether","CTV Reference Dose NO(A)EL","mg/(kg·day)",0.706,0.0255,28.4,24.3
"821","2,2',3,4,4',5',6-heptabromodiphenyl ether","CTV Reference Dose (RfD) BMD","  -Log10Mol/(kg·day)",5.87,3.87,7.81,10.6
"822","2,2',3,4,4',5',6-heptabromodiphenyl ether","CTV Reference Dose (RfD) BMD","mg/(kg·day)",0.972,0.0112,96.8,10.6
"823","2,2',3,4,4',5',6-heptabromodiphenyl ether","CTV Reference Dose (RfD) BMDL","  -Log10Mol/(kg·day)",6.18,4.4,7.9,10.6
"824","2,2',3,4,4',5',6-heptabromodiphenyl ether","CTV Reference Dose (RfD) BMDL","mg/(kg·day)",0.473,0.00908,28.6,10.6
"825","2,2',3,4,4',5',6-heptabromodiphenyl ether","CTV Reference Concentration (RfC)","  -Log10Mol/m3",9.78,7.39,11.8,19.5
"826","2,2',3,4,4',5',6-heptabromodiphenyl ether","CTV Reference Concentration (RfC)","mg/m3",0.00012,1.15e-06,0.0296,19.5
"827","2,2',3,4,4',5',6-heptabromodiphenyl ether","CTV Oral Slope Factor (OSF)","Log10(risk per Mol/(kg·day))",6.47,4.48,8.31,64.7
"828","2,2',3,4,4',5',6-heptabromodiphenyl ether","CTV Oral Slope Factor (OSF)","risk per mg/(kg·day)",4.12,0.0423,281,64.7
"829","2,2',3,4,4',5',6-heptabromodiphenyl ether","CTV Cancer Potency Value (CPV)","Log10(risk per Mol/(kg·day))",6.87,4.9,8.92,56.7
"830","2,2',3,4,4',5',6-heptabromodiphenyl ether","CTV Cancer Potency Value (CPV)","risk per mg/(kg·day)",10.3,0.109,1160,56.7
"831","2,2',3,4,4',5',6-heptabromodiphenyl ether","CTV Inhalation Unit Risk (IUR)","Log10(m3/Mol)",6.91,4.53,8.78,15.9
"832","2,2',3,4,4',5',6-heptabromodiphenyl ether","CTV Inhalation Unit Risk (IUR)","risk per µg/m3",11.3,0.0466,826,15.9
"833","Decabromodiphenyl ether","CTV Reference Dose (RfD)","  -Log10Mol/(kg·day)",8.87,7.26,10.4,68.2
"834","Decabromodiphenyl ether","CTV Reference Dose (RfD)","mg/(kg·day)",0.0013,4.06e-05,0.0529,68.2
"835","Decabromodiphenyl ether","CTV Reference Dose NO(A)EL","  -Log10Mol/(kg·day)",5.93,4.33,7.37,44.4
"836","Decabromodiphenyl ether","CTV Reference Dose NO(A)EL","mg/(kg·day)",1.12,0.0405,45.1,44.4
"837","Decabromodiphenyl ether","CTV Reference Dose (RfD) BMD","  -Log10Mol/(kg·day)",5.94,3.94,7.88,19.2
"838","Decabromodiphenyl ether","CTV Reference Dose (RfD) BMD","mg/(kg·day)",1.1,0.0127,110,19.2
"839","Decabromodiphenyl ether","CTV Reference Dose (RfD) BMDL","  -Log10Mol/(kg·day)",6.34,4.56,8.06,19.2
"840","Decabromodiphenyl ether","CTV Reference Dose (RfD) BMDL","mg/(kg·day)",0.437,0.00837,26.4,19.2
"841","Decabromodiphenyl ether","CTV Reference Concentration (RfC)","  -Log10Mol/m3",9.41,7.02,11.4,35.4
"842","Decabromodiphenyl ether","CTV Reference Concentration (RfC)","mg/m3",0.00037,3.54e-06,0.0916,35.4
"843","Decabromodiphenyl ether","CTV Oral Slope Factor (OSF)","Log10(risk per Mol/(kg·day))",5.4,3.41,7.23,114
"844","Decabromodiphenyl ether","CTV Oral Slope Factor (OSF)","risk per mg/(kg·day)",0.262,0.00269,17.9,114
"845","Decabromodiphenyl ether","CTV Cancer Potency Value (CPV)","Log10(risk per Mol/(kg·day))",6.04,4.07,8.09,101
"846","Decabromodiphenyl ether","CTV Cancer Potency Value (CPV)","risk per mg/(kg·day)",1.15,0.0121,130,101
"847","Decabromodiphenyl ether","CTV Inhalation Unit Risk (IUR)","Log10(m3/Mol)",6.52,4.13,8.38,28.7
"848","Decabromodiphenyl ether","CTV Inhalation Unit Risk (IUR)","risk per µg/m3",3.42,0.0141,250,28.7
"849","2,3',4,4'-tetrabromodiphenyl ether","CTV Reference Dose (RfD)","  -Log10Mol/(kg·day)",10.1,8.47,11.6,30.4
"850","2,3',4,4'-tetrabromodiphenyl ether","CTV Reference Dose (RfD)","mg/(kg·day)",4.01e-05,1.25e-06,0.00164,30.4
"851","2,3',4,4'-tetrabromodiphenyl ether","CTV Reference Dose NO(A)EL","  -Log10Mol/(kg·day)",5.87,4.27,7.31,12.2
"852","2,3',4,4'-tetrabromodiphenyl ether","CTV Reference Dose NO(A)EL","mg/(kg·day)",0.655,0.0236,26.3,12.2
"853","2,3',4,4'-tetrabromodiphenyl ether","CTV Reference Dose (RfD) BMD","  -Log10Mol/(kg·day)",5.76,3.76,7.7,5.48
"854","2,3',4,4'-tetrabromodiphenyl ether","CTV Reference Dose (RfD) BMD","mg/(kg·day)",0.842,0.00971,83.9,5.48
"855","2,3',4,4'-tetrabromodiphenyl ether","CTV Reference Dose (RfD) BMDL","  -Log10Mol/(kg·day)",5.94,4.16,7.66,5.48
"856","2,3',4,4'-tetrabromodiphenyl ether","CTV Reference Dose (RfD) BMDL","mg/(kg·day)",0.555,0.0106,33.5,5.48
"857","2,3',4,4'-tetrabromodiphenyl ether","CTV Reference Concentration (RfC)","  -Log10Mol/m3",9.64,7.25,11.7,8.91
"858","2,3',4,4'-tetrabromodiphenyl ether","CTV Reference Concentration (RfC)","mg/m3",0.000112,1.07e-06,0.0276,8.91
"859","2,3',4,4'-tetrabromodiphenyl ether","CTV Oral Slope Factor (OSF)","Log10(risk per Mol/(kg·day))",6.62,4.63,8.45,47.3
"860","2,3',4,4'-tetrabromodiphenyl ether","CTV Oral Slope Factor (OSF)","risk per mg/(kg·day)",8.53,0.0875,582,47.3
"861","2,3',4,4'-tetrabromodiphenyl ether","CTV Cancer Potency Value (CPV)","Log10(risk per Mol/(kg·day))",6.66,4.68,8.71,40.7
"862","2,3',4,4'-tetrabromodiphenyl ether","CTV Cancer Potency Value (CPV)","risk per mg/(kg·day)",9.44,0.0993,1060,40.7
"863","2,3',4,4'-tetrabromodiphenyl ether","CTV Inhalation Unit Risk (IUR)","Log10(m3/Mol)",6.8,4.41,8.66,9.41
"864","2,3',4,4'-tetrabromodiphenyl ether","CTV Inhalation Unit Risk (IUR)","risk per µg/m3",12.9,0.0534,946,9.41
"865","Heptafluorobutyric acid","CTV Reference Dose (RfD)","  -Log10Mol/(kg·day)",6.9,5.29,8.41,2.91
"866","Heptafluorobutyric acid","CTV Reference Dose (RfD)","mg/(kg·day)",0.0266,0.000833,1.09,2.91
"867","Heptafluorobutyric acid","CTV Reference Dose NO(A)EL","  -Log10Mol/(kg·day)",4.92,3.31,6.36,1.77
"868","Heptafluorobutyric acid","CTV Reference Dose NO(A)EL","mg/(kg·day)",2.59,0.0933,104,1.77
"869","Heptafluorobutyric acid","CTV Reference Dose (RfD) BMD","  -Log10Mol/(kg·day)",4.2,2.21,6.14,0.784
"870","Heptafluorobutyric acid","CTV Reference Dose (RfD) BMD","mg/(kg·day)",13.4,0.154,1330,0.784
"871","Heptafluorobutyric acid","CTV Reference Dose (RfD) BMDL","  -Log10Mol/(kg·day)",4.45,2.67,6.16,0.784
"872","Heptafluorobutyric acid","CTV Reference Dose (RfD) BMDL","mg/(kg·day)",7.63,0.146,461,0.784
"873","Heptafluorobutyric acid","CTV Reference Concentration (RfC)","  -Log10Mol/m3",7.3,4.9,9.32,2.53
"874","Heptafluorobutyric acid","CTV Reference Concentration (RfC)","mg/m3",0.0108,0.000103,2.67,2.53
"875","Heptafluorobutyric acid","CTV Oral Slope Factor (OSF)","Log10(risk per Mol/(kg·day))",4.55,2.56,6.38,1.22
"876","Heptafluorobutyric acid","CTV Oral Slope Factor (OSF)","risk per mg/(kg·day)",0.164,0.00169,11.2,1.22
"877","Heptafluorobutyric acid","CTV Cancer Potency Value (CPV)","Log10(risk per Mol/(kg·day))",5.13,3.16,7.19,2.09
"878","Heptafluorobutyric acid","CTV Cancer Potency Value (CPV)","risk per mg/(kg·day)",0.637,0.00671,71.6,2.09
"879","Heptafluorobutyric acid","CTV Inhalation Unit Risk (IUR)","Log10(m3/Mol)",4.18,1.79,6.04,3.66
"880","Heptafluorobutyric acid","CTV Inhalation Unit Risk (IUR)","risk per µg/m3",0.0703,0.00029,5.14,3.66
"881","41318-75-6","CTV Reference Dose (RfD)","  -Log10Mol/(kg·day)",10.3,8.69,11.8,28.2
"882","41318-75-6","CTV Reference Dose (RfD)","mg/(kg·day)",2.02e-05,6.3e-07,0.000822,28.2
"883","41318-75-6","CTV Reference Dose NO(A)EL","  -Log10Mol/(kg·day)",5.81,4.2,7.25,9.91
"884","41318-75-6","CTV Reference Dose NO(A)EL","mg/(kg·day)",0.634,0.0229,25.5,9.91
"885","41318-75-6","CTV Reference Dose (RfD) BMD","  -Log10Mol/(kg·day)",5.56,3.56,7.5,4.66
"886","41318-75-6","CTV Reference Dose (RfD) BMD","mg/(kg·day)",1.12,0.0129,111,4.66
"887","41318-75-6","CTV Reference Dose (RfD) BMDL","  -Log10Mol/(kg·day)",5.78,4,7.49,4.66
"888","41318-75-6","CTV Reference Dose (RfD) BMDL","mg/(kg·day)",0.68,0.013,41,4.66
"889","41318-75-6","CTV Reference Concentration (RfC)","  -Log10Mol/m3",9.6,7.21,11.6,7.48
"890","41318-75-6","CTV Reference Concentration (RfC)","mg/m3",0.000102,9.75e-07,0.0252,7.48
"891","41318-75-6","CTV Oral Slope Factor (OSF)","Log10(risk per Mol/(kg·day))",6.02,4.03,7.86,48.2
"892","41318-75-6","CTV Oral Slope Factor (OSF)","risk per mg/(kg·day)",2.6,0.0266,177,48.2
"893","41318-75-6","CTV Cancer Potency Value (CPV)","Log10(risk per Mol/(kg·day))",6.49,4.51,8.54,41.4
"894","41318-75-6","CTV Cancer Potency Value (CPV)","risk per mg/(kg·day)",7.55,0.0795,849,41.4
"895","41318-75-6","CTV Inhalation Unit Risk (IUR)","Log10(m3/Mol)",6.61,4.23,8.47,8.58
"896","41318-75-6","CTV Inhalation Unit Risk (IUR)","risk per µg/m3",10,0.0413,732,8.58
"897","diethyl hydrogen phosphate","CTV Reference Dose (RfD)","  -Log10Mol/(kg·day)",7.02,5.41,8.53,-0.164
"898","diethyl hydrogen phosphate","CTV Reference Dose (RfD)","mg/(kg·day)",0.0147,0.000458,0.598,-0.164
"899","diethyl hydrogen phosphate","CTV Reference Dose NO(A)EL","  -Log10Mol/(kg·day)",3.83,2.23,5.28,-0.228
"900","diethyl hydrogen phosphate","CTV Reference Dose NO(A)EL","mg/(kg·day)",22.5,0.813,905,-0.228
"901","diethyl hydrogen phosphate","CTV Reference Dose (RfD) BMD","  -Log10Mol/(kg·day)",3.69,1.7,5.63,1.39
"902","diethyl hydrogen phosphate","CTV Reference Dose (RfD) BMD","mg/(kg·day)",31.2,0.359,3100,1.39
"903","diethyl hydrogen phosphate","CTV Reference Dose (RfD) BMDL","  -Log10Mol/(kg·day)",4.14,2.36,5.86,1.39
"904","diethyl hydrogen phosphate","CTV Reference Dose (RfD) BMDL","mg/(kg·day)",11.1,0.214,673,1.39
"905","diethyl hydrogen phosphate","CTV Reference Concentration (RfC)","  -Log10Mol/m3",7.43,5.04,9.45,1.6
"906","diethyl hydrogen phosphate","CTV Reference Concentration (RfC)","mg/m3",0.00573,5.48e-05,1.42,1.6
"907","diethyl hydrogen phosphate","CTV Oral Slope Factor (OSF)","Log10(risk per Mol/(kg·day))",4.21,2.22,6.04,0.165
"908","diethyl hydrogen phosphate","CTV Oral Slope Factor (OSF)","risk per mg/(kg·day)",0.104,0.00107,7.12,0.165
"909","diethyl hydrogen phosphate","CTV Cancer Potency Value (CPV)","Log10(risk per Mol/(kg·day))",4.89,2.92,6.94,0.525
"910","diethyl hydrogen phosphate","CTV Cancer Potency Value (CPV)","risk per mg/(kg·day)",0.507,0.00534,57,0.525
"911","diethyl hydrogen phosphate","CTV Inhalation Unit Risk (IUR)","Log10(m3/Mol)",4.56,2.17,6.42,2.54
"912","diethyl hydrogen phosphate","CTV Inhalation Unit Risk (IUR)","risk per µg/m3",0.234,0.000965,17.1,2.54
"913","cotinine","CTV Reference Dose (RfD)","  -Log10Mol/(kg·day)",6.96,5.35,8.47,4.82
"914","cotinine","CTV Reference Dose (RfD)","mg/(kg·day)",0.0191,0.000599,0.78,4.82
"915","cotinine","CTV Reference Dose NO(A)EL","  -Log10Mol/(kg·day)",4.2,2.59,5.64,1.62
"916","cotinine","CTV Reference Dose NO(A)EL","mg/(kg·day)",11.2,0.405,451,1.62
"917","cotinine","CTV Reference Dose (RfD) BMD","  -Log10Mol/(kg·day)",3.47,1.47,5.4,1.46
"918","cotinine","CTV Reference Dose (RfD) BMD","mg/(kg·day)",60.4,0.697,6010,1.46
"919","cotinine","CTV Reference Dose (RfD) BMDL","  -Log10Mol/(kg·day)",3.7,1.92,5.42,1.46
"920","cotinine","CTV Reference Dose (RfD) BMDL","mg/(kg·day)",35.1,0.673,2120,1.46
"921","cotinine","CTV Reference Concentration (RfC)","  -Log10Mol/m3",8.39,6,10.4,3.21
"922","cotinine","CTV Reference Concentration (RfC)","mg/m3",0.000716,6.86e-06,0.177,3.21
"923","cotinine","CTV Oral Slope Factor (OSF)","Log10(risk per Mol/(kg·day))",5.31,3.32,7.15,10.1
"924","cotinine","CTV Oral Slope Factor (OSF)","risk per mg/(kg·day)",1.16,0.0119,79.3,10.1
"925","cotinine","CTV Cancer Potency Value (CPV)","Log10(risk per Mol/(kg·day))",5.93,3.95,7.98,8.49
"926","cotinine","CTV Cancer Potency Value (CPV)","risk per mg/(kg·day)",4.78,0.0503,537,8.49
"927","cotinine","CTV Inhalation Unit Risk (IUR)","Log10(m3/Mol)",4.51,2.13,6.38,5
"928","cotinine","CTV Inhalation Unit Risk (IUR)","risk per µg/m3",0.184,0.00076,13.5,5
"929","monoisononyl phthalate","CTV Reference Dose (RfD)","  -Log10Mol/(kg·day)",6.67,5.06,8.18,8.4
"930","monoisononyl phthalate","CTV Reference Dose (RfD)","mg/(kg·day)",0.0622,0.00195,2.54,8.4
"931","monoisononyl phthalate","CTV Reference Dose NO(A)EL","  -Log10Mol/(kg·day)",4.19,2.59,5.63,2.03
"932","monoisononyl phthalate","CTV Reference Dose NO(A)EL","mg/(kg·day)",18.9,0.681,758,2.03
"933","monoisononyl phthalate","CTV Reference Dose (RfD) BMD","  -Log10Mol/(kg·day)",3.66,1.66,5.6,3
"934","monoisononyl phthalate","CTV Reference Dose (RfD) BMD","mg/(kg·day)",64.3,0.741,6400,3
"935","monoisononyl phthalate","CTV Reference Dose (RfD) BMDL","  -Log10Mol/(kg·day)",4.02,2.24,5.74,3
"936","monoisononyl phthalate","CTV Reference Dose (RfD) BMDL","mg/(kg·day)",28,0.537,1690,3
"937","monoisononyl phthalate","CTV Reference Concentration (RfC)","  -Log10Mol/m3",8.27,5.87,10.3,10.7
"938","monoisononyl phthalate","CTV Reference Concentration (RfC)","mg/m3",0.00158,1.52e-05,0.392,10.7
"939","monoisononyl phthalate","CTV Oral Slope Factor (OSF)","Log10(risk per Mol/(kg·day))",4.49,2.51,6.33,12.9
"940","monoisononyl phthalate","CTV Oral Slope Factor (OSF)","risk per mg/(kg·day)",0.107,0.0011,7.29,12.9
"941","monoisononyl phthalate","CTV Cancer Potency Value (CPV)","Log10(risk per Mol/(kg·day))",5.46,3.48,7.51,13
"942","monoisononyl phthalate","CTV Cancer Potency Value (CPV)","risk per mg/(kg·day)",0.984,0.0104,111,13
"943","monoisononyl phthalate","CTV Inhalation Unit Risk (IUR)","Log10(m3/Mol)",4.62,2.24,6.48,9.71
"944","monoisononyl phthalate","CTV Inhalation Unit Risk (IUR)","risk per µg/m3",0.143,0.000589,10.4,9.71
